{"config": {"padding": 2, "font": "Libertinus Serif", "view": {"continuousWidth": 240.0, "continuousHeight": 216, "stroke": "black", "strokeWidth": 1}, "mark": {"bar": {}}, "legend": {"gradientStrokeColor": "black", "gradientStrokeWidth": 1, "symbolStrokeColor": "black", "symbolStrokeWidth": 1, "offset": 5, "padding": 0, "columnPadding": 0, "rowPadding": 0, "labelLimit": 45, "titleLimit": 50}, "axis": {"labelFontSize": 10, "titleFontSize": 10, "grid": false, "domainColor": "black", "domainWidth": 1, "tickColor": "black", "tickWidth": 1, "tickSize": 3}, "axisX": {"labelAngle": 0}, "axisY": {"titlePadding": -15}}, "layer": [{"mark": {"type": "bar", "stroke": "black", "strokeWidth": 1}, "encoding": {"color": {"field": "design", "legend": {"orient": "top", "titleOrient": "left", "titleAnchor": "start", "direction": "horizontal", "title": ""}, "type": "nominal"}, "text": {"aggregate": "mean", "field": "ratio", "format": ".02f", "type": "quantitative"}, "x": {"field": "vmnum", "title": "Total Number of Virtual Machines", "type": "nominal"}, "xOffset": {"field": "design", "type": "nominal"}, "y": {"aggregate": "mean", "field": "xsbench", "scale": {"domainMin": 0}, "title": "xsbench", "type": "quantitative"}}}, {"mark": {"type": "errorbar", "extent": "stderr"}, "encoding": {"color": {"field": "design", "legend": {"orient": "top", "titleOrient": "left", "titleAnchor": "start", "direction": "horizontal", "title": ""}, "type": "nominal"}, "text": {"aggregate": "mean", "field": "ratio", "format": ".02f", "type": "quantitative"}, "x": {"field": "vmnum", "title": "Total Number of Virtual Machines", "type": "nominal"}, "xOffset": {"field": "design", "type": "nominal"}, "y": {"field": "xsbench", "scale": {"zero": false}, "type": "quantitative"}}}, {"mark": {"type": "text", "baseline": "bottom"}, "encoding": {"color": {"field": "design", "legend": {"orient": "top", "titleOrient": "left", "titleAnchor": "start", "direction": "horizontal", "title": ""}, "type": "nominal"}, "text": {"aggregate": "mean", "field": "ratio", "format": ".02f", "type": "quantitative"}, "x": {"field": "vmnum", "title": "Total Number of Virtual Machines", "type": "nominal"}, "xOffset": {"field": "design", "type": "nominal"}, "y": {"aggregate": "mean", "field": "xsbench", "scale": {"domainMin": 0}, "title": "xsbench", "type": "quantitative"}}}], "data": {"name": "data-eedae181c01bb32a0ab61df6edd4a589"}, "height": 108.0, "$schema": "https://vega.github.io/schema/vega-lite/v5.20.1.json", "datasets": {"data-eedae181c01bb32a0ab61df6edd4a589": [{"Unnamed: 0": 0, "runid": "2024-11-29T07:47:28.238906+08:00", "vmid": 0, "vmnum": 1, "kernel": "6.10.0-guest+", "design": "HPlacement", "balloon": "hagent", "pgmigrate_success": 0, "folio_exchange_success": 481672.0, "folio_exchange_failed": 2.0, "pebs_nr_sampled": 1891373, "pebs_nr_sampled_fmem": 0, "pebs_nr_sampled_smem": 0, "gups_throughput": null, "gups_elapsed": null, "exit_status": null, "percent_of_cpu": null, "user_time": null, "system_time": null, "gups": null, "xsbench": 364.22, "graph500": null, "pagerank": null, "liblinear": null, "bwaves": null, "btree": null, "silo": null, "memtis_cpu_usage": null, "dram_ratio_first_gib": null, "dram_ratio_last_gib": null, "l3miss_event_period": null, "ldlat_event_period": 4093.0, "store_event_period": 65535.0, "util_overflow_handler": 25.0, "overflow_handler_ns": 911589095.0, "util_policy": 271.0, "policy_ns": 9820471653.0, "util_migration": 205.0, "migration_ns": 7422248061.0, "util_perf_prepare": 15.0, "perf_prepare_ns": 564299998.0, "util_split": 268.0, "split_ns": 9700988804.0, "ptea_scan_ns": null, "ptea_scanned": null, "lru_rotate_ns": null, "demote_ns": null, "hint_fault_ns": null, "promote_ns": null, "sampling_ns": null, "ptext_ns": null, "ratio": 1.0}, {"Unnamed: 0": 1, "runid": "2024-11-29T07:54:31.833764+08:00", "vmid": 0, "vmnum": 1, "kernel": "5.15.162-memtis+", "design": "Memtis", "balloon": "hagent", "pgmigrate_success": 135099, "folio_exchange_success": null, "folio_exchange_failed": null, "pebs_nr_sampled": 132882906, "pebs_nr_sampled_fmem": 126006485, "pebs_nr_sampled_smem": 6840421, "gups_throughput": null, "gups_elapsed": null, "exit_status": null, "percent_of_cpu": null, "user_time": null, "system_time": null, "gups": null, "xsbench": 589.9, "graph500": null, "pagerank": null, "liblinear": null, "bwaves": null, "btree": null, "silo": null, "memtis_cpu_usage": 593.0, "dram_ratio_first_gib": null, "dram_ratio_last_gib": null, "l3miss_event_period": null, "ldlat_event_period": null, "store_event_period": null, "util_overflow_handler": null, "overflow_handler_ns": null, "util_policy": null, "policy_ns": null, "util_migration": null, "migration_ns": null, "util_perf_prepare": null, "perf_prepare_ns": null, "util_split": null, "split_ns": null, "ptea_scan_ns": 0.0, "ptea_scanned": 0.0, "lru_rotate_ns": 495756862762.0, "demote_ns": 0.0, "hint_fault_ns": 0.0, "promote_ns": 382081562.0, "sampling_ns": 349576386888.0, "ptext_ns": 298567861608.0, "ratio": 1.6196255010707812}, {"Unnamed: 0": 2, "runid": "2024-11-29T08:05:21.019227+08:00", "vmid": 0, "vmnum": 1, "kernel": "5.15.162-nomad+", "design": "Nomad", "balloon": "hagent", "pgmigrate_success": 9055502457076, "folio_exchange_success": null, "folio_exchange_failed": null, "pebs_nr_sampled": 0, "pebs_nr_sampled_fmem": 0, "pebs_nr_sampled_smem": 0, "gups_throughput": null, "gups_elapsed": null, "exit_status": null, "percent_of_cpu": null, "user_time": null, "system_time": null, "gups": null, "xsbench": 1652.53, "graph500": null, "pagerank": null, "liblinear": null, "bwaves": null, "btree": null, "silo": null, "memtis_cpu_usage": null, "dram_ratio_first_gib": null, "dram_ratio_last_gib": null, "l3miss_event_period": null, "ldlat_event_period": null, "store_event_period": null, "util_overflow_handler": null, "overflow_handler_ns": null, "util_policy": null, "policy_ns": null, "util_migration": null, "migration_ns": null, "util_perf_prepare": null, "perf_prepare_ns": null, "util_split": null, "split_ns": null, "ptea_scan_ns": 275554469670.0, "ptea_scanned": 1289657831.0, "lru_rotate_ns": 588980027647.0, "demote_ns": 30538036343.0, "hint_fault_ns": 498709638974.0, "promote_ns": 3493175549.0, "sampling_ns": 0.0, "ptext_ns": 0.0, "ratio": 4.537175333589588}, {"Unnamed: 0": 3, "runid": "2024-11-29T08:33:52.475662+08:00", "vmid": 0, "vmnum": 1, "kernel": "5.15.162-tpp+", "design": "TPP", "balloon": "hagent", "pgmigrate_success": 2236709, "folio_exchange_success": null, "folio_exchange_failed": null, "pebs_nr_sampled": 0, "pebs_nr_sampled_fmem": 0, "pebs_nr_sampled_smem": 0, "gups_throughput": null, "gups_elapsed": null, "exit_status": null, "percent_of_cpu": null, "user_time": null, "system_time": null, "gups": null, "xsbench": 716.94, "graph500": null, "pagerank": null, "liblinear": null, "bwaves": null, "btree": null, "silo": null, "memtis_cpu_usage": null, "dram_ratio_first_gib": null, "dram_ratio_last_gib": null, "l3miss_event_period": null, "ldlat_event_period": null, "store_event_period": null, "util_overflow_handler": null, "overflow_handler_ns": null, "util_policy": null, "policy_ns": null, "util_migration": null, "migration_ns": null, "util_perf_prepare": null, "perf_prepare_ns": null, "util_split": null, "split_ns": null, "ptea_scan_ns": 6729538822.0, "ptea_scanned": 20425364.0, "lru_rotate_ns": 34388075521.0, "demote_ns": 20679996449.0, "hint_fault_ns": 36747034443.0, "promote_ns": 1714744294.0, "sampling_ns": 0.0, "ptext_ns": 0.0, "ratio": 1.968425676788754}, {"Unnamed: 0": 4, "runid": "2024-11-29T08:46:49.528074+08:00", "vmid": 0, "vmnum": 5, "kernel": "6.10.0-guest+", "design": "HPlacement", "balloon": "hagent", "pgmigrate_success": 0, "folio_exchange_success": 1891.0, "folio_exchange_failed": 0.0, "pebs_nr_sampled": 1877556, "pebs_nr_sampled_fmem": 0, "pebs_nr_sampled_smem": 0, "gups_throughput": null, "gups_elapsed": null, "exit_status": null, "percent_of_cpu": null, "user_time": null, "system_time": null, "gups": null, "xsbench": 407.15, "graph500": null, "pagerank": null, "liblinear": null, "bwaves": null, "btree": null, "silo": null, "memtis_cpu_usage": null, "dram_ratio_first_gib": null, "dram_ratio_last_gib": null, "l3miss_event_period": null, "ldlat_event_period": 4093.0, "store_event_period": 65535.0, "util_overflow_handler": 23.0, "overflow_handler_ns": 966513449.0, "util_policy": 215.0, "policy_ns": 8728523181.0, "util_migration": 0.0, "migration_ns": 34443806.0, "util_perf_prepare": 15.0, "perf_prepare_ns": 612500147.0, "util_split": 211.0, "split_ns": 8578480012.0, "ptea_scan_ns": null, "ptea_scanned": null, "lru_rotate_ns": null, "demote_ns": null, "hint_fault_ns": null, "promote_ns": null, "sampling_ns": null, "ptext_ns": null, "ratio": 1.1178683213442424}, {"Unnamed: 0": 5, "runid": "2024-11-29T08:46:49.528074+08:00", "vmid": 1, "vmnum": 5, "kernel": "6.10.0-guest+", "design": "HPlacement", "balloon": "hagent", "pgmigrate_success": 0, "folio_exchange_success": 432305.0, "folio_exchange_failed": 0.0, "pebs_nr_sampled": 1879239, "pebs_nr_sampled_fmem": 0, "pebs_nr_sampled_smem": 0, "gups_throughput": null, "gups_elapsed": null, "exit_status": null, "percent_of_cpu": null, "user_time": null, "system_time": null, "gups": null, "xsbench": 408.87, "graph500": null, "pagerank": null, "liblinear": null, "bwaves": null, "btree": null, "silo": null, "memtis_cpu_usage": null, "dram_ratio_first_gib": null, "dram_ratio_last_gib": null, "l3miss_event_period": null, "ldlat_event_period": 4093.0, "store_event_period": 65535.0, "util_overflow_handler": 23.0, "overflow_handler_ns": 956312145.0, "util_policy": 287.0, "policy_ns": 11671263447.0, "util_migration": 178.0, "migration_ns": 7268052028.0, "util_perf_prepare": 14.0, "perf_prepare_ns": 609423512.0, "util_split": 284.0, "split_ns": 11542451613.0, "ptea_scan_ns": null, "ptea_scanned": null, "lru_rotate_ns": null, "demote_ns": null, "hint_fault_ns": null, "promote_ns": null, "sampling_ns": null, "ptext_ns": null, "ratio": 1.1225907418593157}, {"Unnamed: 0": 6, "runid": "2024-11-29T08:46:49.528074+08:00", "vmid": 2, "vmnum": 5, "kernel": "6.10.0-guest+", "design": "HPlacement", "balloon": "hagent", "pgmigrate_success": 0, "folio_exchange_success": 234244.0, "folio_exchange_failed": 3.0, "pebs_nr_sampled": 1878563, "pebs_nr_sampled_fmem": 0, "pebs_nr_sampled_smem": 0, "gups_throughput": null, "gups_elapsed": null, "exit_status": null, "percent_of_cpu": null, "user_time": null, "system_time": null, "gups": null, "xsbench": 406.27, "graph500": null, "pagerank": null, "liblinear": null, "bwaves": null, "btree": null, "silo": null, "memtis_cpu_usage": null, "dram_ratio_first_gib": null, "dram_ratio_last_gib": null, "l3miss_event_period": null, "ldlat_event_period": 4093.0, "store_event_period": 65535.0, "util_overflow_handler": 23.0, "overflow_handler_ns": 958317245.0, "util_policy": 277.0, "policy_ns": 11186442633.0, "util_migration": 99.0, "migration_ns": 4025990338.0, "util_perf_prepare": 15.0, "perf_prepare_ns": 612952015.0, "util_split": 274.0, "split_ns": 11072866581.0, "ptea_scan_ns": null, "ptea_scanned": null, "lru_rotate_ns": null, "demote_ns": null, "hint_fault_ns": null, "promote_ns": null, "sampling_ns": null, "ptext_ns": null, "ratio": 1.1154521992202513}, {"Unnamed: 0": 7, "runid": "2024-11-29T08:46:49.528074+08:00", "vmid": 3, "vmnum": 5, "kernel": "6.10.0-guest+", "design": "HPlacement", "balloon": "hagent", "pgmigrate_success": 0, "folio_exchange_success": 375386.0, "folio_exchange_failed": 1.0, "pebs_nr_sampled": 1875738, "pebs_nr_sampled_fmem": 0, "pebs_nr_sampled_smem": 0, "gups_throughput": null, "gups_elapsed": null, "exit_status": null, "percent_of_cpu": null, "user_time": null, "system_time": null, "gups": null, "xsbench": 407.14, "graph500": null, "pagerank": null, "liblinear": null, "bwaves": null, "btree": null, "silo": null, "memtis_cpu_usage": null, "dram_ratio_first_gib": null, "dram_ratio_last_gib": null, "l3miss_event_period": null, "ldlat_event_period": 4093.0, "store_event_period": 65535.0, "util_overflow_handler": 24.0, "overflow_handler_ns": 991557360.0, "util_policy": 205.0, "policy_ns": 8314421778.0, "util_migration": 159.0, "migration_ns": 6445027168.0, "util_perf_prepare": 15.0, "perf_prepare_ns": 617238682.0, "util_split": 201.0, "split_ns": 8172017400.0, "ptea_scan_ns": null, "ptea_scanned": null, "lru_rotate_ns": null, "demote_ns": null, "hint_fault_ns": null, "promote_ns": null, "sampling_ns": null, "ptext_ns": null, "ratio": 1.1178408654110152}, {"Unnamed: 0": 8, "runid": "2024-11-29T08:46:49.528074+08:00", "vmid": 4, "vmnum": 5, "kernel": "6.10.0-guest+", "design": "HPlacement", "balloon": "hagent", "pgmigrate_success": 0, "folio_exchange_success": 288258.0, "folio_exchange_failed": 2.0, "pebs_nr_sampled": 1874768, "pebs_nr_sampled_fmem": 0, "pebs_nr_sampled_smem": 0, "gups_throughput": null, "gups_elapsed": null, "exit_status": null, "percent_of_cpu": null, "user_time": null, "system_time": null, "gups": null, "xsbench": 408.35, "graph500": null, "pagerank": null, "liblinear": null, "bwaves": null, "btree": null, "silo": null, "memtis_cpu_usage": null, "dram_ratio_first_gib": null, "dram_ratio_last_gib": null, "l3miss_event_period": null, "ldlat_event_period": 4093.0, "store_event_period": 65535.0, "util_overflow_handler": 24.0, "overflow_handler_ns": 974658892.0, "util_policy": 255.0, "policy_ns": 10361240632.0, "util_migration": 114.0, "migration_ns": 4649890200.0, "util_perf_prepare": 15.0, "perf_prepare_ns": 615826583.0, "util_split": 251.0, "split_ns": 10219237837.0, "ptea_scan_ns": null, "ptea_scanned": null, "lru_rotate_ns": null, "demote_ns": null, "hint_fault_ns": null, "promote_ns": null, "sampling_ns": null, "ptext_ns": null, "ratio": 1.121163033331503}, {"Unnamed: 0": 9, "runid": "2024-11-29T08:54:49.709627+08:00", "vmid": 0, "vmnum": 5, "kernel": "5.15.162-memtis+", "design": "Memtis", "balloon": "hagent", "pgmigrate_success": 0, "folio_exchange_success": null, "folio_exchange_failed": null, "pebs_nr_sampled": 155813522, "pebs_nr_sampled_fmem": 148960633, "pebs_nr_sampled_smem": 6851414, "gups_throughput": null, "gups_elapsed": null, "exit_status": null, "percent_of_cpu": null, "user_time": null, "system_time": null, "gups": null, "xsbench": 680.62, "graph500": null, "pagerank": null, "liblinear": null, "bwaves": null, "btree": null, "silo": null, "memtis_cpu_usage": 613.0, "dram_ratio_first_gib": null, "dram_ratio_last_gib": null, "l3miss_event_period": null, "ldlat_event_period": null, "store_event_period": null, "util_overflow_handler": null, "overflow_handler_ns": null, "util_policy": null, "policy_ns": null, "util_migration": null, "migration_ns": null, "util_perf_prepare": null, "perf_prepare_ns": null, "util_split": null, "split_ns": null, "ptea_scan_ns": 0.0, "ptea_scanned": 0.0, "lru_rotate_ns": 597935451659.0, "demote_ns": 0.0, "hint_fault_ns": 0.0, "promote_ns": 0.0, "sampling_ns": 416941652799.0, "ptext_ns": 357907989747.0, "ratio": 1.868705727307671}, {"Unnamed: 0": 10, "runid": "2024-11-29T08:54:49.709627+08:00", "vmid": 1, "vmnum": 5, "kernel": "5.15.162-memtis+", "design": "Memtis", "balloon": "hagent", "pgmigrate_success": 0, "folio_exchange_success": null, "folio_exchange_failed": null, "pebs_nr_sampled": 156433770, "pebs_nr_sampled_fmem": 149504852, "pebs_nr_sampled_smem": 6895103, "gups_throughput": null, "gups_elapsed": null, "exit_status": null, "percent_of_cpu": null, "user_time": null, "system_time": null, "gups": null, "xsbench": 680.16, "graph500": null, "pagerank": null, "liblinear": null, "bwaves": null, "btree": null, "silo": null, "memtis_cpu_usage": 616.0, "dram_ratio_first_gib": null, "dram_ratio_last_gib": null, "l3miss_event_period": null, "ldlat_event_period": null, "store_event_period": null, "util_overflow_handler": null, "overflow_handler_ns": null, "util_policy": null, "policy_ns": null, "util_migration": null, "migration_ns": null, "util_perf_prepare": null, "perf_prepare_ns": null, "util_split": null, "split_ns": null, "ptea_scan_ns": 0.0, "ptea_scanned": 0.0, "lru_rotate_ns": 600897431811.0, "demote_ns": 0.0, "hint_fault_ns": 0.0, "promote_ns": 4895277.0, "sampling_ns": 419014710543.0, "ptext_ns": 360132905092.0, "ratio": 1.8674427543792211}, {"Unnamed: 0": 11, "runid": "2024-11-29T08:54:49.709627+08:00", "vmid": 2, "vmnum": 5, "kernel": "5.15.162-memtis+", "design": "Memtis", "balloon": "hagent", "pgmigrate_success": 517573, "folio_exchange_success": null, "folio_exchange_failed": null, "pebs_nr_sampled": 158481313, "pebs_nr_sampled_fmem": 151516758, "pebs_nr_sampled_smem": 6963213, "gups_throughput": null, "gups_elapsed": null, "exit_status": null, "percent_of_cpu": null, "user_time": null, "system_time": null, "gups": null, "xsbench": 683.66, "graph500": null, "pagerank": null, "liblinear": null, "bwaves": null, "btree": null, "silo": null, "memtis_cpu_usage": 623.0, "dram_ratio_first_gib": null, "dram_ratio_last_gib": null, "l3miss_event_period": null, "ldlat_event_period": null, "store_event_period": null, "util_overflow_handler": null, "overflow_handler_ns": null, "util_policy": null, "policy_ns": null, "util_migration": null, "migration_ns": null, "util_perf_prepare": null, "perf_prepare_ns": null, "util_split": null, "split_ns": null, "ptea_scan_ns": 0.0, "ptea_scanned": 0.0, "lru_rotate_ns": 613745250077.0, "demote_ns": 0.0, "hint_fault_ns": 0.0, "promote_ns": 1593448756.0, "sampling_ns": 425790109755.0, "ptext_ns": 368103176883.0, "ratio": 1.8770523310087308}, {"Unnamed: 0": 12, "runid": "2024-11-29T08:54:49.709627+08:00", "vmid": 3, "vmnum": 5, "kernel": "5.15.162-memtis+", "design": "Memtis", "balloon": "hagent", "pgmigrate_success": 334258, "folio_exchange_success": null, "folio_exchange_failed": null, "pebs_nr_sampled": 154403694, "pebs_nr_sampled_fmem": 147566395, "pebs_nr_sampled_smem": 6806018, "gups_throughput": null, "gups_elapsed": null, "exit_status": null, "percent_of_cpu": null, "user_time": null, "system_time": null, "gups": null, "xsbench": 675.47, "graph500": null, "pagerank": null, "liblinear": null, "bwaves": null, "btree": null, "silo": null, "memtis_cpu_usage": 615.0, "dram_ratio_first_gib": null, "dram_ratio_last_gib": null, "l3miss_event_period": null, "ldlat_event_period": null, "store_event_period": null, "util_overflow_handler": null, "overflow_handler_ns": null, "util_policy": null, "policy_ns": null, "util_migration": null, "migration_ns": null, "util_perf_prepare": null, "perf_prepare_ns": null, "util_split": null, "split_ns": null, "ptea_scan_ns": 0.0, "ptea_scanned": 0.0, "lru_rotate_ns": 596073348245.0, "demote_ns": 0.0, "hint_fault_ns": 0.0, "promote_ns": 1968996209.0, "sampling_ns": 415223408867.0, "ptext_ns": 356261025562.0, "ratio": 1.8545659216956785}, {"Unnamed: 0": 13, "runid": "2024-11-29T08:54:49.709627+08:00", "vmid": 4, "vmnum": 5, "kernel": "5.15.162-memtis+", "design": "Memtis", "balloon": "hagent", "pgmigrate_success": 0, "folio_exchange_success": null, "folio_exchange_failed": null, "pebs_nr_sampled": 154716184, "pebs_nr_sampled_fmem": 147915550, "pebs_nr_sampled_smem": 6799217, "gups_throughput": null, "gups_elapsed": null, "exit_status": null, "percent_of_cpu": null, "user_time": null, "system_time": null, "gups": null, "xsbench": 679.08, "graph500": null, "pagerank": null, "liblinear": null, "bwaves": null, "btree": null, "silo": null, "memtis_cpu_usage": 611.0, "dram_ratio_first_gib": null, "dram_ratio_last_gib": null, "l3miss_event_period": null, "ldlat_event_period": null, "store_event_period": null, "util_overflow_handler": null, "overflow_handler_ns": null, "util_policy": null, "policy_ns": null, "util_migration": null, "migration_ns": null, "util_perf_prepare": null, "perf_prepare_ns": null, "util_split": null, "split_ns": null, "ptea_scan_ns": 0.0, "ptea_scanned": 0.0, "lru_rotate_ns": 601835864091.0, "demote_ns": 0.0, "hint_fault_ns": 0.0, "promote_ns": 5889940.0, "sampling_ns": 415269557754.0, "ptext_ns": 355756001458.0, "ratio": 1.864477513590687}, {"Unnamed: 0": 14, "runid": "2024-11-29T09:07:24.138420+08:00", "vmid": 0, "vmnum": 5, "kernel": "5.15.162-nomad+", "design": "Nomad", "balloon": "hagent", "pgmigrate_success": 795333385686, "folio_exchange_success": null, "folio_exchange_failed": null, "pebs_nr_sampled": 0, "pebs_nr_sampled_fmem": 0, "pebs_nr_sampled_smem": 0, "gups_throughput": null, "gups_elapsed": null, "exit_status": null, "percent_of_cpu": null, "user_time": null, "system_time": null, "gups": null, "xsbench": 2219.45, "graph500": null, "pagerank": null, "liblinear": null, "bwaves": null, "btree": null, "silo": null, "memtis_cpu_usage": null, "dram_ratio_first_gib": null, "dram_ratio_last_gib": null, "l3miss_event_period": null, "ldlat_event_period": null, "store_event_period": null, "util_overflow_handler": null, "overflow_handler_ns": null, "util_policy": null, "policy_ns": null, "util_migration": null, "migration_ns": null, "util_perf_prepare": null, "perf_prepare_ns": null, "util_split": null, "split_ns": null, "ptea_scan_ns": 622022428492.0, "ptea_scanned": 2481293066.0, "lru_rotate_ns": 1201489845218.0, "demote_ns": 46433508802.0, "hint_fault_ns": 615768532190.0, "promote_ns": 4887206509.0, "sampling_ns": 0.0, "ptext_ns": 0.0, "ratio": 6.093707100104331}, {"Unnamed: 0": 15, "runid": "2024-11-29T09:07:24.138420+08:00", "vmid": 1, "vmnum": 5, "kernel": "5.15.162-nomad+", "design": "Nomad", "balloon": "hagent", "pgmigrate_success": 851922495055, "folio_exchange_success": null, "folio_exchange_failed": null, "pebs_nr_sampled": 0, "pebs_nr_sampled_fmem": 0, "pebs_nr_sampled_smem": 0, "gups_throughput": null, "gups_elapsed": null, "exit_status": null, "percent_of_cpu": null, "user_time": null, "system_time": null, "gups": null, "xsbench": 2212.12, "graph500": null, "pagerank": null, "liblinear": null, "bwaves": null, "btree": null, "silo": null, "memtis_cpu_usage": null, "dram_ratio_first_gib": null, "dram_ratio_last_gib": null, "l3miss_event_period": null, "ldlat_event_period": null, "store_event_period": null, "util_overflow_handler": null, "overflow_handler_ns": null, "util_policy": null, "policy_ns": null, "util_migration": null, "migration_ns": null, "util_perf_prepare": null, "perf_prepare_ns": null, "util_split": null, "split_ns": null, "ptea_scan_ns": 611121447830.0, "ptea_scanned": 2512239206.0, "lru_rotate_ns": 1194463028217.0, "demote_ns": 46782915908.0, "hint_fault_ns": 612909186831.0, "promote_ns": 4854980782.0, "sampling_ns": 0.0, "ptext_ns": 0.0, "ratio": 6.073581901048816}, {"Unnamed: 0": 16, "runid": "2024-11-29T09:07:24.138420+08:00", "vmid": 2, "vmnum": 5, "kernel": "5.15.162-nomad+", "design": "Nomad", "balloon": "hagent", "pgmigrate_success": 6292515691431, "folio_exchange_success": null, "folio_exchange_failed": null, "pebs_nr_sampled": 0, "pebs_nr_sampled_fmem": 0, "pebs_nr_sampled_smem": 0, "gups_throughput": null, "gups_elapsed": null, "exit_status": null, "percent_of_cpu": null, "user_time": null, "system_time": null, "gups": null, "xsbench": 2202.39, "graph500": null, "pagerank": null, "liblinear": null, "bwaves": null, "btree": null, "silo": null, "memtis_cpu_usage": null, "dram_ratio_first_gib": null, "dram_ratio_last_gib": null, "l3miss_event_period": null, "ldlat_event_period": null, "store_event_period": null, "util_overflow_handler": null, "overflow_handler_ns": null, "util_policy": null, "policy_ns": null, "util_migration": null, "migration_ns": null, "util_perf_prepare": null, "perf_prepare_ns": null, "util_split": null, "split_ns": null, "ptea_scan_ns": 389948418371.0, "ptea_scanned": 1926900066.0, "lru_rotate_ns": 816639435566.0, "demote_ns": 44916604249.0, "hint_fault_ns": 602551594071.0, "promote_ns": 4742676524.0, "sampling_ns": 0.0, "ptext_ns": 0.0, "ratio": 6.046867278018779}, {"Unnamed: 0": 17, "runid": "2024-11-29T09:07:24.138420+08:00", "vmid": 3, "vmnum": 5, "kernel": "5.15.162-nomad+", "design": "Nomad", "balloon": "hagent", "pgmigrate_success": 674101774026, "folio_exchange_success": null, "folio_exchange_failed": null, "pebs_nr_sampled": 0, "pebs_nr_sampled_fmem": 0, "pebs_nr_sampled_smem": 0, "gups_throughput": null, "gups_elapsed": null, "exit_status": null, "percent_of_cpu": null, "user_time": null, "system_time": null, "gups": null, "xsbench": 2207.95, "graph500": null, "pagerank": null, "liblinear": null, "bwaves": null, "btree": null, "silo": null, "memtis_cpu_usage": null, "dram_ratio_first_gib": null, "dram_ratio_last_gib": null, "l3miss_event_period": null, "ldlat_event_period": null, "store_event_period": null, "util_overflow_handler": null, "overflow_handler_ns": null, "util_policy": null, "policy_ns": null, "util_migration": null, "migration_ns": null, "util_perf_prepare": null, "perf_prepare_ns": null, "util_split": null, "split_ns": null, "ptea_scan_ns": 664445504652.0, "ptea_scanned": 2542625826.0, "lru_rotate_ns": 1288873840363.0, "demote_ns": 47610665289.0, "hint_fault_ns": 607049406649.0, "promote_ns": 4860480587.0, "sampling_ns": 0.0, "ptext_ns": 0.0, "ratio": 6.062132776893086}, {"Unnamed: 0": 18, "runid": "2024-11-29T09:07:24.138420+08:00", "vmid": 4, "vmnum": 5, "kernel": "5.15.162-nomad+", "design": "Nomad", "balloon": "hagent", "pgmigrate_success": 5025333274789, "folio_exchange_success": null, "folio_exchange_failed": null, "pebs_nr_sampled": 0, "pebs_nr_sampled_fmem": 0, "pebs_nr_sampled_smem": 0, "gups_throughput": null, "gups_elapsed": null, "exit_status": null, "percent_of_cpu": null, "user_time": null, "system_time": null, "gups": null, "xsbench": 2216.34, "graph500": null, "pagerank": null, "liblinear": null, "bwaves": null, "btree": null, "silo": null, "memtis_cpu_usage": null, "dram_ratio_first_gib": null, "dram_ratio_last_gib": null, "l3miss_event_period": null, "ldlat_event_period": null, "store_event_period": null, "util_overflow_handler": null, "overflow_handler_ns": null, "util_policy": null, "policy_ns": null, "util_migration": null, "migration_ns": null, "util_perf_prepare": null, "perf_prepare_ns": null, "util_split": null, "split_ns": null, "ptea_scan_ns": 395957835080.0, "ptea_scanned": 1935572212.0, "lru_rotate_ns": 809921087811.0, "demote_ns": 40202893391.0, "hint_fault_ns": 611015666321.0, "promote_ns": 4776008675.0, "sampling_ns": 0.0, "ptext_ns": 0.0, "ratio": 6.085168304870683}, {"Unnamed: 0": 19, "runid": "2024-11-29T09:45:36.871095+08:00", "vmid": 0, "vmnum": 5, "kernel": "5.15.162-tpp+", "design": "TPP", "balloon": "hagent", "pgmigrate_success": 2440046, "folio_exchange_success": null, "folio_exchange_failed": null, "pebs_nr_sampled": 0, "pebs_nr_sampled_fmem": 0, "pebs_nr_sampled_smem": 0, "gups_throughput": null, "gups_elapsed": null, "exit_status": null, "percent_of_cpu": null, "user_time": null, "system_time": null, "gups": null, "xsbench": 1745.96, "graph500": null, "pagerank": null, "liblinear": null, "bwaves": null, "btree": null, "silo": null, "memtis_cpu_usage": null, "dram_ratio_first_gib": null, "dram_ratio_last_gib": null, "l3miss_event_period": null, "ldlat_event_period": null, "store_event_period": null, "util_overflow_handler": null, "overflow_handler_ns": null, "util_policy": null, "policy_ns": null, "util_migration": null, "migration_ns": null, "util_perf_prepare": null, "perf_prepare_ns": null, "util_split": null, "split_ns": null, "ptea_scan_ns": 14973363807.0, "ptea_scanned": 42103586.0, "lru_rotate_ns": 56193487254.0, "demote_ns": 27482586947.0, "hint_fault_ns": 93806910937.0, "promote_ns": 2848074740.0, "sampling_ns": 0.0, "ptext_ns": 0.0, "ratio": 4.7936961177310415}, {"Unnamed: 0": 20, "runid": "2024-11-29T09:45:36.871095+08:00", "vmid": 1, "vmnum": 5, "kernel": "5.15.162-tpp+", "design": "TPP", "balloon": "hagent", "pgmigrate_success": 2438053, "folio_exchange_success": null, "folio_exchange_failed": null, "pebs_nr_sampled": 0, "pebs_nr_sampled_fmem": 0, "pebs_nr_sampled_smem": 0, "gups_throughput": null, "gups_elapsed": null, "exit_status": null, "percent_of_cpu": null, "user_time": null, "system_time": null, "gups": null, "xsbench": 1744.37, "graph500": null, "pagerank": null, "liblinear": null, "bwaves": null, "btree": null, "silo": null, "memtis_cpu_usage": null, "dram_ratio_first_gib": null, "dram_ratio_last_gib": null, "l3miss_event_period": null, "ldlat_event_period": null, "store_event_period": null, "util_overflow_handler": null, "overflow_handler_ns": null, "util_policy": null, "policy_ns": null, "util_migration": null, "migration_ns": null, "util_perf_prepare": null, "perf_prepare_ns": null, "util_split": null, "split_ns": null, "ptea_scan_ns": 14989709749.0, "ptea_scanned": 41257022.0, "lru_rotate_ns": 55671503094.0, "demote_ns": 27394876430.0, "hint_fault_ns": 95371008654.0, "promote_ns": 2994145060.0, "sampling_ns": 0.0, "ptext_ns": 0.0, "ratio": 4.789330624347921}, {"Unnamed: 0": 21, "runid": "2024-11-29T09:45:36.871095+08:00", "vmid": 2, "vmnum": 5, "kernel": "5.15.162-tpp+", "design": "TPP", "balloon": "hagent", "pgmigrate_success": 2422641, "folio_exchange_success": null, "folio_exchange_failed": null, "pebs_nr_sampled": 0, "pebs_nr_sampled_fmem": 0, "pebs_nr_sampled_smem": 0, "gups_throughput": null, "gups_elapsed": null, "exit_status": null, "percent_of_cpu": null, "user_time": null, "system_time": null, "gups": null, "xsbench": 1733.92, "graph500": null, "pagerank": null, "liblinear": null, "bwaves": null, "btree": null, "silo": null, "memtis_cpu_usage": null, "dram_ratio_first_gib": null, "dram_ratio_last_gib": null, "l3miss_event_period": null, "ldlat_event_period": null, "store_event_period": null, "util_overflow_handler": null, "overflow_handler_ns": null, "util_policy": null, "policy_ns": null, "util_migration": null, "migration_ns": null, "util_perf_prepare": null, "perf_prepare_ns": null, "util_split": null, "split_ns": null, "ptea_scan_ns": 15015224034.0, "ptea_scanned": 42927869.0, "lru_rotate_ns": 55874081128.0, "demote_ns": 27096792691.0, "hint_fault_ns": 83659477834.0, "promote_ns": 2804671342.0, "sampling_ns": 0.0, "ptext_ns": 0.0, "ratio": 4.7606391741255285}, {"Unnamed: 0": 22, "runid": "2024-11-29T09:45:36.871095+08:00", "vmid": 3, "vmnum": 5, "kernel": "5.15.162-tpp+", "design": "TPP", "balloon": "hagent", "pgmigrate_success": 2424251, "folio_exchange_success": null, "folio_exchange_failed": null, "pebs_nr_sampled": 0, "pebs_nr_sampled_fmem": 0, "pebs_nr_sampled_smem": 0, "gups_throughput": null, "gups_elapsed": null, "exit_status": null, "percent_of_cpu": null, "user_time": null, "system_time": null, "gups": null, "xsbench": 1748.27, "graph500": null, "pagerank": null, "liblinear": null, "bwaves": null, "btree": null, "silo": null, "memtis_cpu_usage": null, "dram_ratio_first_gib": null, "dram_ratio_last_gib": null, "l3miss_event_period": null, "ldlat_event_period": null, "store_event_period": null, "util_overflow_handler": null, "overflow_handler_ns": null, "util_policy": null, "policy_ns": null, "util_migration": null, "migration_ns": null, "util_perf_prepare": null, "perf_prepare_ns": null, "util_split": null, "split_ns": null, "ptea_scan_ns": 12915785783.0, "ptea_scanned": 35953947.0, "lru_rotate_ns": 51627068708.0, "demote_ns": 27015894674.0, "hint_fault_ns": 107318083986.0, "promote_ns": 3102050814.0, "sampling_ns": 0.0, "ptext_ns": 0.0, "ratio": 4.800038438306518}, {"Unnamed: 0": 23, "runid": "2024-11-29T09:45:36.871095+08:00", "vmid": 4, "vmnum": 5, "kernel": "5.15.162-tpp+", "design": "TPP", "balloon": "hagent", "pgmigrate_success": 2402555, "folio_exchange_success": null, "folio_exchange_failed": null, "pebs_nr_sampled": 0, "pebs_nr_sampled_fmem": 0, "pebs_nr_sampled_smem": 0, "gups_throughput": null, "gups_elapsed": null, "exit_status": null, "percent_of_cpu": null, "user_time": null, "system_time": null, "gups": null, "xsbench": 1744.64, "graph500": null, "pagerank": null, "liblinear": null, "bwaves": null, "btree": null, "silo": null, "memtis_cpu_usage": null, "dram_ratio_first_gib": null, "dram_ratio_last_gib": null, "l3miss_event_period": null, "ldlat_event_period": null, "store_event_period": null, "util_overflow_handler": null, "overflow_handler_ns": null, "util_policy": null, "policy_ns": null, "util_migration": null, "migration_ns": null, "util_perf_prepare": null, "perf_prepare_ns": null, "util_split": null, "split_ns": null, "ptea_scan_ns": 14007548486.0, "ptea_scanned": 39310844.0, "lru_rotate_ns": 53756053355.0, "demote_ns": 26993411642.0, "hint_fault_ns": 94068168502.0, "promote_ns": 3006623507.0, "sampling_ns": 0.0, "ptext_ns": 0.0, "ratio": 4.790071934545055}]}}