{"config": {"padding": 2, "font": "Libertinus Serif", "view": {"continuousWidth": 240.0, "continuousHeight": 216, "stroke": "black", "strokeWidth": 1}, "mark": {"bar": {}}, "legend": {"gradientStrokeColor": "black", "gradientStrokeWidth": 1, "symbolStrokeColor": "black", "symbolStrokeWidth": 1, "offset": 5, "padding": 0, "columnPadding": 0, "rowPadding": 0, "labelLimit": 45, "titleLimit": 50, "orient": "top", "titleOrient": "left", "titleAnchor": "start", "direction": "horizontal", "title": ""}, "axis": {"labelFontSize": 10, "titleFontSize": 10, "grid": false, "domainColor": "black", "domainWidth": 1, "tickColor": "black", "tickWidth": 1, "tickSize": 3}, "axisX": {"labelAngle": 0}, "axisY": {"titlePadding": -15}, "facet": {"spacing": 0}, "header": {"titlePadding": 0, "labelPadding": 0}}, "data": {"name": "data-a402f464a8bab7bd0ca59f563e7805dc"}, "facet": {"field": "workload", "header": {"title": "Total Number of Virtual Machines", "titleOrient": "bottom"}, "title": "Elapsed Time (s)", "type": "nominal"}, "spec": {"layer": [{"mark": {"type": "bar", "stroke": "black", "strokeWidth": 1}, "encoding": {"color": {"field": "design", "legend": {"orient": "top", "titleOrient": "left", "titleAnchor": "start", "direction": "horizontal", "title": "Design", "offset": -10}, "type": "nominal"}, "text": {"aggregate": "mean", "field": "ratio", "format": ".01f", "type": "quantitative"}, "x": {"field": "vmnum", "title": null, "type": "nominal"}, "xOffset": {"field": "design", "type": "nominal"}, "y": {"aggregate": "mean", "field": "elapsed", "scale": {"domain": [0, 1000], "clamp": true}, "title": "Elapsed Time (s)", "type": "quantitative"}}}, {"mark": {"type": "errorbar", "extent": "stderr"}, "encoding": {"color": {"field": "design", "legend": {"orient": "top", "titleOrient": "left", "titleAnchor": "start", "direction": "horizontal", "title": "Design", "offset": -10}, "type": "nominal"}, "text": {"aggregate": "mean", "field": "ratio", "format": ".01f", "type": "quantitative"}, "x": {"field": "vmnum", "title": null, "type": "nominal"}, "xOffset": {"field": "design", "type": "nominal"}, "y": {"field": "elapsed", "scale": {"zero": false}, "title": "Elapsed Time (s)", "type": "quantitative"}}}, {"mark": {"type": "text", "baseline": "bottom"}, "encoding": {"color": {"field": "design", "legend": {"orient": "top", "titleOrient": "left", "titleAnchor": "start", "direction": "horizontal", "title": "Design", "offset": -10}, "type": "nominal"}, "text": {"aggregate": "mean", "field": "ratio", "format": ".01f", "type": "quantitative"}, "x": {"field": "vmnum", "title": null, "type": "nominal"}, "xOffset": {"field": "design", "type": "nominal"}, "y": {"aggregate": "mean", "field": "elapsed", "scale": {"domain": [0, 1000], "clamp": true}, "title": "Elapsed Time (s)", "type": "quantitative"}}}], "height": 54.0, "width": 126.0}, "columns": 4, "$schema": "https://vega.github.io/schema/vega-lite/v5.20.1.json", "datasets": {"data-a402f464a8bab7bd0ca59f563e7805dc": [{"vmnum": 1, "design": "HPlacement", "elapsed": 348.25, "workload": "liblinear", "min": 348.25, "max": 527.79, "ratio": 1.0}, {"vmnum": 1, "design": "Memtis", "elapsed": 420.07, "workload": "liblinear", "min": 348.25, "max": 527.79, "ratio": 1.2062311557788945}, {"vmnum": 1, "design": "Nomad", "elapsed": 527.79, "workload": "liblinear", "min": 348.25, "max": 527.79, "ratio": 1.5155491744436467}, {"vmnum": 1, "design": "TPP", "elapsed": 392.8, "workload": "liblinear", "min": 348.25, "max": 527.79, "ratio": 1.1279253409906675}, {"vmnum": 5, "design": "HPlacement", "elapsed": 333.16, "workload": "liblinear", "min": 402.27200000000005, "max": 811.1279999999999, "ratio": 0.8281958475857131}, {"vmnum": 5, "design": "HPlacement", "elapsed": 417.5, "workload": "liblinear", "min": 402.27200000000005, "max": 811.1279999999999, "ratio": 1.0378549836926259}, {"vmnum": 5, "design": "HPlacement", "elapsed": 445.54, "workload": "liblinear", "min": 402.27200000000005, "max": 811.1279999999999, "ratio": 1.107559064513563}, {"vmnum": 5, "design": "HPlacement", "elapsed": 397.85, "workload": "liblinear", "min": 402.27200000000005, "max": 811.1279999999999, "ratio": 0.9890074377535597}, {"vmnum": 5, "design": "HPlacement", "elapsed": 417.31, "workload": "liblinear", "min": 402.27200000000005, "max": 811.1279999999999, "ratio": 1.037382666454538}, {"vmnum": 5, "design": "Memtis", "elapsed": 488.1, "workload": "liblinear", "min": 402.27200000000005, "max": 811.1279999999999, "ratio": 1.213358125845199}, {"vmnum": 5, "design": "Memtis", "elapsed": 469.51, "workload": "liblinear", "min": 402.27200000000005, "max": 811.1279999999999, "ratio": 1.167145612918622}, {"vmnum": 5, "design": "Memtis", "elapsed": 680.21, "workload": "liblinear", "min": 402.27200000000005, "max": 811.1279999999999, "ratio": 1.6909205711558348}, {"vmnum": 5, "design": "Memtis", "elapsed": 663.09, "workload": "liblinear", "min": 402.27200000000005, "max": 811.1279999999999, "ratio": 1.648362302123936}, {"vmnum": 5, "design": "Memtis", "elapsed": 479.99, "workload": "liblinear", "min": 402.27200000000005, "max": 811.1279999999999, "ratio": 1.1931976374194573}, {"vmnum": 5, "design": "Nomad", "elapsed": 533.22, "workload": "liblinear", "min": 402.27200000000005, "max": 811.1279999999999, "ratio": 1.3255210404900166}, {"vmnum": 5, "design": "Nomad", "elapsed": 575.39, "workload": "liblinear", "min": 402.27200000000005, "max": 811.1279999999999, "ratio": 1.430350608543473}, {"vmnum": 5, "design": "Nomad", "elapsed": 893.39, "workload": "liblinear", "min": 402.27200000000005, "max": 811.1279999999999, "ratio": 2.220860512290191}, {"vmnum": 5, "design": "Nomad", "elapsed": 560.53, "workload": "liblinear", "min": 402.27200000000005, "max": 811.1279999999999, "ratio": 1.3934104287646167}, {"vmnum": 5, "design": "Nomad", "elapsed": 1493.11, "workload": "liblinear", "min": 402.27200000000005, "max": 811.1279999999999, "ratio": 3.7116925861108894}, {"vmnum": 5, "design": "TPP", "elapsed": 607.41, "workload": "liblinear", "min": 402.27200000000005, "max": 811.1279999999999, "ratio": 1.5099484925622462}, {"vmnum": 5, "design": "TPP", "elapsed": 453.41, "workload": "liblinear", "min": 402.27200000000005, "max": 811.1279999999999, "ratio": 1.1271229416911939}, {"vmnum": 5, "design": "TPP", "elapsed": 440.86, "workload": "liblinear", "min": 402.27200000000005, "max": 811.1279999999999, "ratio": 1.0959251451754035}, {"vmnum": 5, "design": "TPP", "elapsed": 460.15, "workload": "liblinear", "min": 402.27200000000005, "max": 811.1279999999999, "ratio": 1.1438777742423034}, {"vmnum": 5, "design": "TPP", "elapsed": 396.24, "workload": "liblinear", "min": 402.27200000000005, "max": 811.1279999999999, "ratio": 0.9850051706308168}, {"vmnum": 1, "design": "HPlacement", "elapsed": 207.54, "workload": "silo", "min": 207.54, "max": 731.2, "ratio": 1.0}, {"vmnum": 1, "design": "Memtis", "elapsed": 230.39, "workload": "silo", "min": 207.54, "max": 731.2, "ratio": 1.1100992579743663}, {"vmnum": 1, "design": "Nomad", "elapsed": 731.2, "workload": "silo", "min": 207.54, "max": 731.2, "ratio": 3.5231762551797248}, {"vmnum": 1, "design": "TPP", "elapsed": 301.62, "workload": "silo", "min": 207.54, "max": 731.2, "ratio": 1.4533102052616365}, {"vmnum": 5, "design": "HPlacement", "elapsed": 238.62, "workload": "silo", "min": 238.792, "max": 890.814, "ratio": 0.99927970786291}, {"vmnum": 5, "design": "HPlacement", "elapsed": 238.87, "workload": "silo", "min": 238.792, "max": 890.814, "ratio": 1.0003266441086804}, {"vmnum": 5, "design": "HPlacement", "elapsed": 240.54, "workload": "silo", "min": 238.792, "max": 890.814, "ratio": 1.0073201782304264}, {"vmnum": 5, "design": "HPlacement", "elapsed": 236.1, "workload": "silo", "min": 238.792, "max": 890.814, "ratio": 0.9887265905055446}, {"vmnum": 5, "design": "HPlacement", "elapsed": 239.83, "workload": "silo", "min": 238.792, "max": 890.814, "ratio": 1.0043468792924386}, {"vmnum": 5, "design": "Memtis", "elapsed": 263.71, "workload": "silo", "min": 238.792, "max": 890.814, "ratio": 1.1043502294884249}, {"vmnum": 5, "design": "Memtis", "elapsed": 261.54, "workload": "silo", "min": 238.792, "max": 890.814, "ratio": 1.0952628228751382}, {"vmnum": 5, "design": "Memtis", "elapsed": 263.84, "workload": "silo", "min": 238.792, "max": 890.814, "ratio": 1.1048946363362255}, {"vmnum": 5, "design": "Memtis", "elapsed": 261.45, "workload": "silo", "min": 238.792, "max": 890.814, "ratio": 1.0948859258266608}, {"vmnum": 5, "design": "Memtis", "elapsed": 267.22, "workload": "silo", "min": 238.792, "max": 890.814, "ratio": 1.1190492143790414}, {"vmnum": 5, "design": "Nomad", "elapsed": 767.07, "workload": "silo", "min": 238.792, "max": 890.814, "ratio": 3.212293544172334}, {"vmnum": 5, "design": "Nomad", "elapsed": 995.18, "workload": "silo", "min": 238.792, "max": 890.814, "ratio": 4.167560052263057}, {"vmnum": 5, "design": "Nomad", "elapsed": 780.96, "workload": "silo", "min": 238.792, "max": 890.814, "ratio": 3.2704613219873364}, {"vmnum": 5, "design": "Nomad", "elapsed": 1009.4, "workload": "silo", "min": 238.792, "max": 890.814, "ratio": 4.227109785922476}, {"vmnum": 5, "design": "Nomad", "elapsed": 901.46, "workload": "silo", "min": 238.792, "max": 890.814, "ratio": 3.7750845924486582}, {"vmnum": 5, "design": "TPP", "elapsed": 337.37, "workload": "silo", "min": 238.792, "max": 890.814, "ratio": 1.412819524942209}, {"vmnum": 5, "design": "TPP", "elapsed": 338.75, "workload": "silo", "min": 238.792, "max": 890.814, "ratio": 1.4185986130188617}, {"vmnum": 5, "design": "TPP", "elapsed": 339.73, "workload": "silo", "min": 238.792, "max": 890.814, "ratio": 1.4227026031022816}, {"vmnum": 5, "design": "TPP", "elapsed": 336.61, "workload": "silo", "min": 238.792, "max": 890.814, "ratio": 1.4096368387550673}, {"vmnum": 5, "design": "TPP", "elapsed": 339.4, "workload": "silo", "min": 238.792, "max": 890.814, "ratio": 1.4213206472578646}, {"vmnum": 1, "design": "HPlacement", "elapsed": 327.42, "workload": "btree", "min": 302.78, "max": 327.42, "ratio": 1.0813792192350884}, {"vmnum": 1, "design": "Memtis", "elapsed": 302.78, "workload": "btree", "min": 302.78, "max": 327.42, "ratio": 1.0}, {"vmnum": 1, "design": "Nomad", "elapsed": 306.39, "workload": "btree", "min": 302.78, "max": 327.42, "ratio": 1.0119228482726732}, {"vmnum": 1, "design": "TPP", "elapsed": 315.47, "workload": "btree", "min": 302.78, "max": 327.42, "ratio": 1.041911618997292}, {"vmnum": 5, "design": "HPlacement", "elapsed": 301.85, "workload": "btree", "min": 302.21799999999996, "max": 327.03200000000004, "ratio": 0.9987823359296933}, {"vmnum": 5, "design": "HPlacement", "elapsed": 322.95, "workload": "btree", "min": 302.21799999999996, "max": 327.03200000000004, "ratio": 1.0685994877869618}, {"vmnum": 5, "design": "HPlacement", "elapsed": 321.88, "workload": "btree", "min": 302.21799999999996, "max": 327.03200000000004, "ratio": 1.0650589971477544}, {"vmnum": 5, "design": "HPlacement", "elapsed": 273.42, "workload": "btree", "min": 302.21799999999996, "max": 327.03200000000004, "ratio": 0.9047111687589755}, {"vmnum": 5, "design": "HPlacement", "elapsed": 293.89, "workload": "btree", "min": 302.21799999999996, "max": 327.03200000000004, "ratio": 0.9724437326697948}, {"vmnum": 5, "design": "Memtis", "elapsed": 300.88, "workload": "btree", "min": 302.21799999999996, "max": 327.03200000000004, "ratio": 0.9955727322661126}, {"vmnum": 5, "design": "Memtis", "elapsed": 346.31, "workload": "btree", "min": 302.21799999999996, "max": 327.03200000000004, "ratio": 1.1458946852933976}, {"vmnum": 5, "design": "Memtis", "elapsed": 301.83, "workload": "btree", "min": 302.21799999999996, "max": 327.03200000000004, "ratio": 0.9987161585345679}, {"vmnum": 5, "design": "Memtis", "elapsed": 280.38, "workload": "btree", "min": 302.21799999999996, "max": 327.03200000000004, "ratio": 0.9277409022626052}, {"vmnum": 5, "design": "Memtis", "elapsed": 281.69, "workload": "btree", "min": 302.21799999999996, "max": 327.03200000000004, "ratio": 0.9320755216433172}, {"vmnum": 5, "design": "Nomad", "elapsed": 298.03, "workload": "btree", "min": 302.21799999999996, "max": 327.03200000000004, "ratio": 0.9861424534607469}, {"vmnum": 5, "design": "Nomad", "elapsed": 315.63, "workload": "btree", "min": 302.21799999999996, "max": 327.03200000000004, "ratio": 1.0443785611710754}, {"vmnum": 5, "design": "Nomad", "elapsed": 290.34000000000003, "workload": "btree", "min": 302.21799999999996, "max": 327.03200000000004, "ratio": 0.9606972450350412}, {"vmnum": 5, "design": "Nomad", "elapsed": 337.38, "workload": "btree", "min": 302.21799999999996, "max": 327.03200000000004, "ratio": 1.1163464783699186}, {"vmnum": 5, "design": "Nomad", "elapsed": 292.2, "workload": "btree", "min": 302.21799999999996, "max": 327.03200000000004, "ratio": 0.9668517427817007}, {"vmnum": 5, "design": "TPP", "elapsed": 310.66, "workload": "btree", "min": 302.21799999999996, "max": 327.03200000000004, "ratio": 1.0279334784824201}, {"vmnum": 5, "design": "TPP", "elapsed": 358.3, "workload": "btree", "min": 302.21799999999996, "max": 327.03200000000004, "ratio": 1.1855680336710588}, {"vmnum": 5, "design": "TPP", "elapsed": 334.92, "workload": "btree", "min": 302.21799999999996, "max": 327.03200000000004, "ratio": 1.1082066587694976}, {"vmnum": 5, "design": "TPP", "elapsed": 322.22, "workload": "btree", "min": 302.21799999999996, "max": 327.03200000000004, "ratio": 1.0661840128648858}, {"vmnum": 5, "design": "TPP", "elapsed": 309.06, "workload": "btree", "min": 302.21799999999996, "max": 327.03200000000004, "ratio": 1.0226392868723904}, {"vmnum": 1, "design": "HPlacement", "elapsed": 324.34, "workload": "xsbench", "min": 324.34, "max": 1000.91, "ratio": 1.0}, {"vmnum": 1, "design": "Memtis", "elapsed": 523.73, "workload": "xsbench", "min": 324.34, "max": 1000.91, "ratio": 1.6147561201208611}, {"vmnum": 1, "design": "Nomad", "elapsed": 1000.91, "workload": "xsbench", "min": 324.34, "max": 1000.91, "ratio": 3.085990010482827}, {"vmnum": 1, "design": "TPP", "elapsed": 393.14, "workload": "xsbench", "min": 324.34, "max": 1000.91, "ratio": 1.2121230807177654}, {"vmnum": 5, "design": "HPlacement", "elapsed": 373.38, "workload": "xsbench", "min": 372.706, "max": 1141.0279999999998, "ratio": 1.0018083958938144}, {"vmnum": 5, "design": "HPlacement", "elapsed": 370.84, "workload": "xsbench", "min": 372.706, "max": 1141.0279999999998, "ratio": 0.9949933727924959}, {"vmnum": 5, "design": "HPlacement", "elapsed": 370.95, "workload": "xsbench", "min": 372.706, "max": 1141.0279999999998, "ratio": 0.9952885115882223}, {"vmnum": 5, "design": "HPlacement", "elapsed": 372.17, "workload": "xsbench", "min": 372.706, "max": 1141.0279999999998, "ratio": 0.9985618691408241}, {"vmnum": 5, "design": "HPlacement", "elapsed": 376.19, "workload": "xsbench", "min": 372.706, "max": 1141.0279999999998, "ratio": 1.0093478505846432}, {"vmnum": 5, "design": "Memtis", "elapsed": 592.37, "workload": "xsbench", "min": 372.706, "max": 1141.0279999999998, "ratio": 1.5893760765858342}, {"vmnum": 5, "design": "Memtis", "elapsed": 596.66, "workload": "xsbench", "min": 372.706, "max": 1141.0279999999998, "ratio": 1.6008864896191635}, {"vmnum": 5, "design": "Memtis", "elapsed": 595.07, "workload": "xsbench", "min": 372.706, "max": 1141.0279999999998, "ratio": 1.5966203924809368}, {"vmnum": 5, "design": "Memtis", "elapsed": 592.79, "workload": "xsbench", "min": 372.706, "max": 1141.0279999999998, "ratio": 1.5905029701695168}, {"vmnum": 5, "design": "Memtis", "elapsed": 599.9, "workload": "xsbench", "min": 372.706, "max": 1141.0279999999998, "ratio": 1.6095796686932862}, {"vmnum": 5, "design": "Nomad", "elapsed": 1140.12, "workload": "xsbench", "min": 372.706, "max": 1141.0279999999998, "ratio": 3.0590331253052}, {"vmnum": 5, "design": "Nomad", "elapsed": 1123.52, "workload": "xsbench", "min": 372.706, "max": 1141.0279999999998, "ratio": 3.014493997950127}, {"vmnum": 5, "design": "Nomad", "elapsed": 1150.95, "workload": "xsbench", "min": 372.706, "max": 1141.0279999999998, "ratio": 3.088090881284444}, {"vmnum": 5, "design": "Nomad", "elapsed": 1121.0, "workload": "xsbench", "min": 372.706, "max": 1141.0279999999998, "ratio": 3.0077326364480315}, {"vmnum": 5, "design": "Nomad", "elapsed": 1169.55, "workload": "xsbench", "min": 372.706, "max": 1141.0279999999998, "ratio": 3.1379961685618154}, {"vmnum": 5, "design": "TPP", "elapsed": 472.54, "workload": "xsbench", "min": 372.706, "max": 1141.0279999999998, "ratio": 1.2678626048413495}, {"vmnum": 5, "design": "TPP", "elapsed": 472.27, "workload": "xsbench", "min": 372.706, "max": 1141.0279999999998, "ratio": 1.2671381732518392}, {"vmnum": 5, "design": "TPP", "elapsed": 472.4, "workload": "xsbench", "min": 372.706, "max": 1141.0279999999998, "ratio": 1.2674869736467884}, {"vmnum": 5, "design": "TPP", "elapsed": 471.99, "workload": "xsbench", "min": 372.706, "max": 1141.0279999999998, "ratio": 1.2663869108627175}, {"vmnum": 5, "design": "TPP", "elapsed": 475.83, "workload": "xsbench", "min": 372.706, "max": 1141.0279999999998, "ratio": 1.2766899379135297}, {"vmnum": 1, "design": "HPlacement", "elapsed": 373.47, "workload": "graph500", "min": 351.32, "max": 519.48, "ratio": 1.063047933507913}, {"vmnum": 1, "design": "Memtis", "elapsed": 351.32, "workload": "graph500", "min": 351.32, "max": 519.48, "ratio": 1.0}, {"vmnum": 1, "design": "Nomad", "elapsed": 519.48, "workload": "graph500", "min": 351.32, "max": 519.48, "ratio": 1.4786519412501424}, {"vmnum": 1, "design": "TPP", "elapsed": 414.43, "workload": "graph500", "min": 351.32, "max": 519.48, "ratio": 1.1796367983604692}, {"vmnum": 5, "design": "HPlacement", "elapsed": 408.22, "workload": "graph500", "min": 403.528, "max": 582.548, "ratio": 1.0116274459269246}, {"vmnum": 5, "design": "HPlacement", "elapsed": 399.76, "workload": "graph500", "min": 403.528, "max": 582.548, "ratio": 0.9906623580024186}, {"vmnum": 5, "design": "HPlacement", "elapsed": 400.61, "workload": "graph500", "min": 403.528, "max": 582.548, "ratio": 0.992768779365992}, {"vmnum": 5, "design": "HPlacement", "elapsed": 403.55, "workload": "graph500", "min": 403.528, "max": 582.548, "ratio": 1.0000545191411747}, {"vmnum": 5, "design": "HPlacement", "elapsed": 405.5, "workload": "graph500", "min": 403.528, "max": 582.548, "ratio": 1.00488689756349}, {"vmnum": 5, "design": "Memtis", "elapsed": 416.32, "workload": "graph500", "min": 403.528, "max": 582.548, "ratio": 1.0317004024503875}, {"vmnum": 5, "design": "Memtis", "elapsed": 417.43, "workload": "graph500", "min": 403.528, "max": 582.548, "ratio": 1.0344511409369361}, {"vmnum": 5, "design": "Memtis", "elapsed": 415.81, "workload": "graph500", "min": 403.528, "max": 582.548, "ratio": 1.0304365496322436}, {"vmnum": 5, "design": "Memtis", "elapsed": 413.45, "workload": "graph500", "min": 403.528, "max": 582.548, "ratio": 1.0245881326698518}, {"vmnum": 5, "design": "Memtis", "elapsed": 417.51, "workload": "graph500", "min": 403.528, "max": 582.548, "ratio": 1.03464939235939}, {"vmnum": 5, "design": "Nomad", "elapsed": 587.53, "workload": "graph500", "min": 403.528, "max": 582.548, "ratio": 1.4559832279296603}, {"vmnum": 5, "design": "Nomad", "elapsed": 581.29, "workload": "graph500", "min": 403.528, "max": 582.548, "ratio": 1.4405196169782517}, {"vmnum": 5, "design": "Nomad", "elapsed": 578.62, "workload": "graph500", "min": 403.528, "max": 582.548, "ratio": 1.433902975753851}, {"vmnum": 5, "design": "Nomad", "elapsed": 578.98, "workload": "graph500", "min": 403.528, "max": 582.548, "ratio": 1.434795107154894}, {"vmnum": 5, "design": "Nomad", "elapsed": 586.32, "workload": "graph500", "min": 403.528, "max": 582.548, "ratio": 1.4529846751650444}, {"vmnum": 5, "design": "TPP", "elapsed": 460.23, "workload": "graph500", "min": 403.528, "max": 582.548, "ratio": 1.1405156519498028}, {"vmnum": 5, "design": "TPP", "elapsed": 461.86, "workload": "graph500", "min": 403.528, "max": 582.548, "ratio": 1.144555024682302}, {"vmnum": 5, "design": "TPP", "elapsed": 461.42, "workload": "graph500", "min": 403.528, "max": 582.548, "ratio": 1.1434646418588053}, {"vmnum": 5, "design": "TPP", "elapsed": 456.88, "workload": "graph500", "min": 403.528, "max": 582.548, "ratio": 1.1322138736345433}, {"vmnum": 5, "design": "TPP", "elapsed": 462.9, "workload": "graph500", "min": 403.528, "max": 582.548, "ratio": 1.1471322931742034}, {"vmnum": 1, "design": "HPlacement", "elapsed": 322.68, "workload": "pagerank", "min": 311.42, "max": 728.08, "ratio": 1.0361569584483976}, {"vmnum": 1, "design": "Memtis", "elapsed": 322.63, "workload": "pagerank", "min": 311.42, "max": 728.08, "ratio": 1.0359964035707405}, {"vmnum": 1, "design": "Nomad", "elapsed": 728.08, "workload": "pagerank", "min": 311.42, "max": 728.08, "ratio": 2.3379359064928393}, {"vmnum": 1, "design": "TPP", "elapsed": 311.42, "workload": "pagerank", "min": 311.42, "max": 728.08, "ratio": 1.0}, {"vmnum": 5, "design": "HPlacement", "elapsed": 324.44, "workload": "pagerank", "min": 322.974, "max": 735.716, "ratio": 1.0045390650640609}, {"vmnum": 5, "design": "HPlacement", "elapsed": 318.91, "workload": "pagerank", "min": 322.974, "max": 735.716, "ratio": 0.9874169437787563}, {"vmnum": 5, "design": "HPlacement", "elapsed": 322.76, "workload": "pagerank", "min": 322.974, "max": 735.716, "ratio": 0.9993374079647278}, {"vmnum": 5, "design": "HPlacement", "elapsed": 323.95, "workload": "pagerank", "min": 322.974, "max": 735.716, "ratio": 1.0030219150767554}, {"vmnum": 5, "design": "HPlacement", "elapsed": 324.81, "workload": "pagerank", "min": 322.974, "max": 735.716, "ratio": 1.0056846681156997}, {"vmnum": 5, "design": "Memtis", "elapsed": 342.64, "workload": "pagerank", "min": 322.974, "max": 735.716, "ratio": 1.0608903503068359}, {"vmnum": 5, "design": "Memtis", "elapsed": 339.7, "workload": "pagerank", "min": 322.974, "max": 735.716, "ratio": 1.051787450383003}, {"vmnum": 5, "design": "Memtis", "elapsed": 344.37, "workload": "pagerank", "min": 322.974, "max": 735.716, "ratio": 1.0662468186293634}, {"vmnum": 5, "design": "Memtis", "elapsed": 341.46, "workload": "pagerank", "min": 322.974, "max": 735.716, "ratio": 1.0572368054394472}, {"vmnum": 5, "design": "Memtis", "elapsed": 344.69, "workload": "pagerank", "min": 322.974, "max": 735.716, "ratio": 1.0672376104578079}, {"vmnum": 5, "design": "Nomad", "elapsed": 731.07, "workload": "pagerank", "min": 322.974, "max": 735.716, "ratio": 2.263556818815137}, {"vmnum": 5, "design": "Nomad", "elapsed": 736.37, "workload": "pagerank", "min": 322.974, "max": 735.716, "ratio": 2.279966808473747}, {"vmnum": 5, "design": "Nomad", "elapsed": 738.28, "workload": "pagerank", "min": 322.974, "max": 735.716, "ratio": 2.2858805971997747}, {"vmnum": 5, "design": "Nomad", "elapsed": 738.03, "workload": "pagerank", "min": 322.974, "max": 735.716, "ratio": 2.2851065410838025}, {"vmnum": 5, "design": "Nomad", "elapsed": 734.83, "workload": "pagerank", "min": 322.974, "max": 735.716, "ratio": 2.275198622799359}, {"vmnum": 5, "design": "TPP", "elapsed": 335.18, "workload": "pagerank", "min": 322.974, "max": 735.716, "ratio": 1.037792515806226}, {"vmnum": 5, "design": "TPP", "elapsed": 332.29, "workload": "pagerank", "min": 322.974, "max": 735.716, "ratio": 1.0288444271055874}, {"vmnum": 5, "design": "TPP", "elapsed": 339.35, "workload": "pagerank", "min": 322.974, "max": 735.716, "ratio": 1.050703771820642}, {"vmnum": 5, "design": "TPP", "elapsed": 336.33, "workload": "pagerank", "min": 322.974, "max": 735.716, "ratio": 1.041353173939698}, {"vmnum": 5, "design": "TPP", "elapsed": 337.66, "workload": "pagerank", "min": 322.974, "max": 735.716, "ratio": 1.04547115247667}, {"vmnum": 1, "design": "HPlacement", "elapsed": 89.85, "workload": "bwaves", "min": 83.84, "max": 164.04, "ratio": 1.0716841603053433}, {"vmnum": 1, "design": "Memtis", "elapsed": 83.84, "workload": "bwaves", "min": 83.84, "max": 164.04, "ratio": 1.0}, {"vmnum": 1, "design": "Nomad", "elapsed": 164.04, "workload": "bwaves", "min": 83.84, "max": 164.04, "ratio": 1.9565839694656486}, {"vmnum": 1, "design": "TPP", "elapsed": 113.97, "workload": "bwaves", "min": 83.84, "max": 164.04, "ratio": 1.359375}, {"vmnum": 5, "design": "HPlacement", "elapsed": 102.56, "workload": "bwaves", "min": 102.71399999999998, "max": 185.222, "ratio": 0.9985006912397533}, {"vmnum": 5, "design": "HPlacement", "elapsed": 102.61, "workload": "bwaves", "min": 102.71399999999998, "max": 185.222, "ratio": 0.998987479798275}, {"vmnum": 5, "design": "HPlacement", "elapsed": 102.78, "workload": "bwaves", "min": 102.71399999999998, "max": 185.222, "ratio": 1.000642560897249}, {"vmnum": 5, "design": "HPlacement", "elapsed": 102.77, "workload": "bwaves", "min": 102.71399999999998, "max": 185.222, "ratio": 1.0005452031855444}, {"vmnum": 5, "design": "HPlacement", "elapsed": 102.85, "workload": "bwaves", "min": 102.71399999999998, "max": 185.222, "ratio": 1.0013240648791792}, {"vmnum": 5, "design": "Memtis", "elapsed": 105.52, "workload": "bwaves", "min": 102.71399999999998, "max": 185.222, "ratio": 1.027318573904239}, {"vmnum": 5, "design": "Memtis", "elapsed": 105.28, "workload": "bwaves", "min": 102.71399999999998, "max": 185.222, "ratio": 1.024981988823335}, {"vmnum": 5, "design": "Memtis", "elapsed": 105.72, "workload": "bwaves", "min": 102.71399999999998, "max": 185.222, "ratio": 1.029265728138326}, {"vmnum": 5, "design": "Memtis", "elapsed": 105.06, "workload": "bwaves", "min": 102.71399999999998, "max": 185.222, "ratio": 1.0228401191658394}, {"vmnum": 5, "design": "Memtis", "elapsed": 106.22, "workload": "bwaves", "min": 102.71399999999998, "max": 185.222, "ratio": 1.0341336137235433}, {"vmnum": 5, "design": "Nomad", "elapsed": 185.18, "workload": "bwaves", "min": 102.71399999999998, "max": 185.222, "ratio": 1.8028701053410443}, {"vmnum": 5, "design": "Nomad", "elapsed": 185.14, "workload": "bwaves", "min": 102.71399999999998, "max": 185.222, "ratio": 1.8024806744942268}, {"vmnum": 5, "design": "Nomad", "elapsed": 184.24, "workload": "bwaves", "min": 102.71399999999998, "max": 185.222, "ratio": 1.7937184804408361}, {"vmnum": 5, "design": "Nomad", "elapsed": 185.5, "workload": "bwaves", "min": 102.71399999999998, "max": 185.222, "ratio": 1.8059855521155834}, {"vmnum": 5, "design": "Nomad", "elapsed": 186.05, "workload": "bwaves", "min": 102.71399999999998, "max": 185.222, "ratio": 1.8113402262593223}, {"vmnum": 5, "design": "TPP", "elapsed": 134.39, "workload": "bwaves", "min": 102.71399999999998, "max": 185.222, "ratio": 1.3083902875946805}, {"vmnum": 5, "design": "TPP", "elapsed": 134.62, "workload": "bwaves", "min": 102.71399999999998, "max": 185.222, "ratio": 1.3106295149638805}, {"vmnum": 5, "design": "TPP", "elapsed": 133.29, "workload": "bwaves", "min": 102.71399999999998, "max": 185.222, "ratio": 1.2976809393072026}, {"vmnum": 5, "design": "TPP", "elapsed": 130.44, "workload": "bwaves", "min": 102.71399999999998, "max": 185.222, "ratio": 1.2699339914714647}, {"vmnum": 5, "design": "TPP", "elapsed": 136.42000000000002, "workload": "bwaves", "min": 102.71399999999998, "max": 185.222, "ratio": 1.3281539030706626}]}}