{"config": {"padding": 2, "font": "Libertinus Serif", "view": {"continuousWidth": 240.0, "continuousHeight": 216, "stroke": "black", "strokeWidth": 1}, "mark": {"bar": {}}, "legend": {"gradientStrokeColor": "black", "gradientStrokeWidth": 1, "symbolStrokeColor": "black", "symbolStrokeWidth": 1, "offset": 5, "padding": 0, "columnPadding": 0, "rowPadding": 0, "labelLimit": 85, "titleLimit": 50, "orient": "top", "titleOrient": "left", "titleAnchor": "start", "direction": "horizontal", "title": ""}, "axis": {"labelFontSize": 10, "titleFontSize": 10, "grid": false, "domainColor": "black", "domainWidth": 1, "tickColor": "black", "tickWidth": 1, "tickSize": 3}, "axisX": {"labelAngle": 0}, "axisY": {"titlePadding": -15}, "facet": {"spacing": 0}, "header": {"titlePadding": 0, "labelPadding": 0}}, "layer": [{"mark": {"type": "bar", "stroke": "black", "strokeWidth": 1}, "encoding": {"color": {"field": "design", "legend": {}, "type": "nominal"}, "text": {"aggregate": "mean", "field": "gups_throughput", "format": ".1e", "type": "quantitative"}, "x": {"field": "balloon", "title": null, "type": "nominal"}, "xOffset": {"field": "design", "type": "nominal"}, "y": {"aggregate": "mean", "axis": {"format": ".1e"}, "field": "gups_throughput", "scale": {"domain": [0, 0.006], "clamp": true}, "title": "GUPS", "type": "quantitative"}}}, {"mark": {"type": "errorbar", "extent": "stderr"}, "encoding": {"color": {"field": "design", "legend": {}, "type": "nominal"}, "text": {"aggregate": "mean", "field": "gups_throughput", "format": ".1e", "type": "quantitative"}, "x": {"field": "balloon", "title": null, "type": "nominal"}, "xOffset": {"field": "design", "type": "nominal"}, "y": {"field": "gups_throughput", "scale": {"zero": false}, "title": "GUPS", "type": "quantitative"}}}, {"mark": {"type": "text", "baseline": "bottom"}, "encoding": {"color": {"field": "design", "legend": {}, "type": "nominal"}, "text": {"aggregate": "mean", "field": "gups_throughput", "format": ".1e", "type": "quantitative"}, "x": {"field": "balloon", "title": null, "type": "nominal"}, "xOffset": {"field": "design", "type": "nominal"}, "y": {"aggregate": "mean", "axis": {"format": ".1e"}, "field": "gups_throughput", "scale": {"domain": [0, 0.006], "clamp": true}, "title": "GUPS", "type": "quantitative"}}}], "data": {"name": "data-9615102334f025a5ec426347f9c56aee"}, "height": 108.0, "$schema": "https://vega.github.io/schema/vega-lite/v5.20.1.json", "datasets": {"data-9615102334f025a5ec426347f9c56aee": [{"balloon": "HyperFlex", "gups_throughput": 0.010373, "design": "HyperPlace", "ratio": 6.460244965746315}, {"balloon": "HyperFlex", "gups_throughput": 0.010106, "design": "HyperPlace", "ratio": 6.293958895578161}, {"balloon": "HyperFlex", "gups_throughput": 0.010378, "design": "HyperPlace", "ratio": 6.463358937097778}, {"balloon": "HyperFlex", "gups_throughput": 0.009916, "design": "HyperPlace", "ratio": 6.175627984222545}, {"balloon": "HyperFlex", "gups_throughput": 0.010515, "design": "HyperPlace", "ratio": 6.54868175212788}, {"balloon": "HyperFlex", "gups_throughput": 0.011098, "design": "HyperPlace", "ratio": 6.911770811708532}, {"balloon": "HyperFlex", "gups_throughput": 0.010466, "design": "HyperPlace", "ratio": 6.518164832883537}, {"balloon": "HyperFlex", "gups_throughput": 0.01085, "design": "HyperPlace", "ratio": 6.757317832675939}, {"balloon": "HyperFlex", "gups_throughput": 0.010905, "design": "HyperPlace", "ratio": 6.791571517542038}, {"balloon": "VirtIO Balloon", "gups_throughput": 0.001986, "design": "HyperPlace", "ratio": 1.2368694208013284}, {"balloon": "VirtIO Balloon", "gups_throughput": 0.001899, "design": "HyperPlace", "ratio": 1.1826863192858625}, {"balloon": "VirtIO Balloon", "gups_throughput": 0.001868, "design": "HyperPlace", "ratio": 1.1633796969067884}, {"balloon": "VirtIO Balloon", "gups_throughput": 0.001907, "design": "HyperPlace", "ratio": 1.1876686734482043}, {"balloon": "VirtIO Balloon", "gups_throughput": 0.001849, "design": "HyperPlace", "ratio": 1.151546605771227}, {"balloon": "VirtIO Balloon", "gups_throughput": 0.00189, "design": "HyperPlace", "ratio": 1.177081170853228}, {"balloon": "VirtIO Balloon", "gups_throughput": 0.001894, "design": "HyperPlace", "ratio": 1.179572347934399}, {"balloon": "VirtIO Balloon", "gups_throughput": 0.001882, "design": "HyperPlace", "ratio": 1.1720988166908863}, {"balloon": "VirtIO Balloon", "gups_throughput": 0.001865, "design": "HyperPlace", "ratio": 1.1615113140959101}, {"balloon": "Static", "gups_throughput": 0.010668, "design": "HyperPlace", "ratio": 6.643969275482665}, {"balloon": "Static", "gups_throughput": 0.011201, "design": "HyperPlace", "ratio": 6.975918621548681}, {"balloon": "Static", "gups_throughput": 0.012836, "design": "HyperPlace", "ratio": 7.994187253477268}, {"balloon": "Static", "gups_throughput": 0.012516, "design": "HyperPlace", "ratio": 7.794893086983599}, {"balloon": "Static", "gups_throughput": 0.012123, "design": "HyperPlace", "ratio": 7.550134938758563}, {"balloon": "Static", "gups_throughput": 0.011951, "design": "HyperPlace", "ratio": 7.4430143242682165}, {"balloon": "Static", "gups_throughput": 0.012525, "design": "HyperPlace", "ratio": 7.800498235416234}, {"balloon": "Static", "gups_throughput": 0.011763, "design": "HyperPlace", "ratio": 7.325929001453186}, {"balloon": "Static", "gups_throughput": 0.011519, "design": "HyperPlace", "ratio": 7.173967199501765}, {"balloon": "HyperFlex", "gups_throughput": 0.001922, "design": "Memtis", "ratio": 1.197010587502595}, {"balloon": "HyperFlex", "gups_throughput": 0.001919, "design": "Memtis", "ratio": 1.1951422046917168}, {"balloon": "HyperFlex", "gups_throughput": 0.002021, "design": "Memtis", "ratio": 1.2586672202615734}, {"balloon": "HyperFlex", "gups_throughput": 0.001917, "design": "Memtis", "ratio": 1.1938966161511315}, {"balloon": "HyperFlex", "gups_throughput": 0.001967, "design": "Memtis", "ratio": 1.2250363296657671}, {"balloon": "HyperFlex", "gups_throughput": 0.00193, "design": "Memtis", "ratio": 1.2019929416649366}, {"balloon": "HyperFlex", "gups_throughput": 0.001924, "design": "Memtis", "ratio": 1.1982561760431802}, {"balloon": "HyperFlex", "gups_throughput": 0.001939, "design": "Memtis", "ratio": 1.2075980900975711}, {"balloon": "HyperFlex", "gups_throughput": 0.001906, "design": "Memtis", "ratio": 1.1870458791779115}, {"balloon": "VirtIO Balloon", "gups_throughput": 0.001943, "design": "Memtis", "ratio": 1.210089267178742}, {"balloon": "VirtIO Balloon", "gups_throughput": 0.001886, "design": "Memtis", "ratio": 1.1745899937720574}, {"balloon": "VirtIO Balloon", "gups_throughput": 0.00197, "design": "Memtis", "ratio": 1.2269047124766452}, {"balloon": "VirtIO Balloon", "gups_throughput": 0.001871, "design": "Memtis", "ratio": 1.1652480797176665}, {"balloon": "VirtIO Balloon", "gups_throughput": 0.001906, "design": "Memtis", "ratio": 1.1870458791779115}, {"balloon": "VirtIO Balloon", "gups_throughput": 0.001927, "design": "Memtis", "ratio": 1.2001245588540586}, {"balloon": "VirtIO Balloon", "gups_throughput": 0.001905, "design": "Memtis", "ratio": 1.186423084907619}, {"balloon": "VirtIO Balloon", "gups_throughput": 0.00194, "design": "Memtis", "ratio": 1.208220884367864}, {"balloon": "VirtIO Balloon", "gups_throughput": 0.001937, "design": "Memtis", "ratio": 1.2063525015569856}, {"balloon": "Static", "gups_throughput": 0.001884, "design": "Memtis", "ratio": 1.1733444052314719}, {"balloon": "Static", "gups_throughput": 0.001934, "design": "Memtis", "ratio": 1.2044841187461075}, {"balloon": "Static", "gups_throughput": 0.001978, "design": "Memtis", "ratio": 1.231887066638987}, {"balloon": "Static", "gups_throughput": 0.001968, "design": "Memtis", "ratio": 1.22565912393606}, {"balloon": "Static", "gups_throughput": 0.001948, "design": "Memtis", "ratio": 1.2132032385302056}, {"balloon": "Static", "gups_throughput": 0.001964, "design": "Memtis", "ratio": 1.2231679468548888}, {"balloon": "Static", "gups_throughput": 0.001993, "design": "Memtis", "ratio": 1.2412289806933776}, {"balloon": "Static", "gups_throughput": 0.001971, "design": "Memtis", "ratio": 1.227527506746938}, {"balloon": "Static", "gups_throughput": 0.001957, "design": "Memtis", "ratio": 1.2188083869628399}, {"balloon": "HyperFlex", "gups_throughput": 0.002932, "design": "Nomad", "ratio": 1.8260328004982356}, {"balloon": "HyperFlex", "gups_throughput": 0.002217, "design": "Nomad", "ratio": 1.3807348972389453}, {"balloon": "HyperFlex", "gups_throughput": 0.002378, "design": "Nomad", "ratio": 1.4810047747560722}, {"balloon": "HyperFlex", "gups_throughput": 0.002639, "design": "Nomad", "ratio": 1.6435540793024703}, {"balloon": "HyperFlex", "gups_throughput": 0.002579, "design": "Nomad", "ratio": 1.6061864230849077}, {"balloon": "HyperFlex", "gups_throughput": 0.002224, "design": "Nomad", "ratio": 1.3850944571309942}, {"balloon": "HyperFlex", "gups_throughput": 0.002744, "design": "Nomad", "ratio": 1.7089474776832052}, {"balloon": "HyperFlex", "gups_throughput": 0.002366, "design": "Nomad", "ratio": 1.4735312435125596}, {"balloon": "HyperFlex", "gups_throughput": 0.002791, "design": "Nomad", "ratio": 1.7382188083869627}, {"balloon": "VirtIO Balloon", "gups_throughput": 0.001575, "design": "Nomad", "ratio": 0.9809009757110234}, {"balloon": "VirtIO Balloon", "gups_throughput": 0.001479, "design": "Nomad", "ratio": 0.921112725762923}, {"balloon": "VirtIO Balloon", "gups_throughput": 0.001597, "design": "Nomad", "ratio": 0.994602449657463}, {"balloon": "VirtIO Balloon", "gups_throughput": 0.001646, "design": "Nomad", "ratio": 1.025119368901806}, {"balloon": "VirtIO Balloon", "gups_throughput": 0.001583, "design": "Nomad", "ratio": 0.9858833298733651}, {"balloon": "VirtIO Balloon", "gups_throughput": 0.001614, "design": "Nomad", "ratio": 1.0051899522524392}, {"balloon": "VirtIO Balloon", "gups_throughput": 0.001626, "design": "Nomad", "ratio": 1.0126634834959518}, {"balloon": "VirtIO Balloon", "gups_throughput": 0.001617, "design": "Nomad", "ratio": 1.0070583350633173}, {"balloon": "VirtIO Balloon", "gups_throughput": 0.001714, "design": "Nomad", "ratio": 1.0674693792817107}, {"balloon": "Static", "gups_throughput": 0.00656, "design": "Nomad", "ratio": 4.085530413120199}, {"balloon": "Static", "gups_throughput": 0.007161, "design": "Nomad", "ratio": 4.45982976956612}, {"balloon": "Static", "gups_throughput": 0.003794, "design": "Nomad", "ratio": 2.3628814614905544}, {"balloon": "Static", "gups_throughput": 0.00719, "design": "Nomad", "ratio": 4.477890803404609}, {"balloon": "Static", "gups_throughput": 0.003822, "design": "Nomad", "ratio": 2.3803197010587502}, {"balloon": "Static", "gups_throughput": 0.003941, "design": "Nomad", "ratio": 2.454432219223583}, {"balloon": "Static", "gups_throughput": 0.005926, "design": "Nomad", "ratio": 3.690678845754619}, {"balloon": "Static", "gups_throughput": 0.003312, "design": "Nomad", "ratio": 2.0626946232094663}, {"balloon": "Static", "gups_throughput": 0.003185, "design": "Nomad", "ratio": 1.9835997508822918}, {"balloon": "HyperFlex", "gups_throughput": 0.003477, "design": "TPP", "ratio": 2.1654556778077643}, {"balloon": "HyperFlex", "gups_throughput": 0.003302, "design": "TPP", "ratio": 2.056466680506539}, {"balloon": "HyperFlex", "gups_throughput": 0.003386, "design": "TPP", "ratio": 2.1087813992111273}, {"balloon": "HyperFlex", "gups_throughput": 0.003226, "design": "TPP", "ratio": 2.0091343159642934}, {"balloon": "HyperFlex", "gups_throughput": 0.003429, "design": "TPP", "ratio": 2.135561552833714}, {"balloon": "HyperFlex", "gups_throughput": 0.00328, "design": "TPP", "ratio": 2.0427652065600994}, {"balloon": "HyperFlex", "gups_throughput": 0.003192, "design": "TPP", "ratio": 1.9879593107743407}, {"balloon": "HyperFlex", "gups_throughput": 0.003261, "design": "TPP", "ratio": 2.030932115424538}, {"balloon": "HyperFlex", "gups_throughput": 0.003173, "design": "TPP", "ratio": 1.9761262196387792}, {"balloon": "VirtIO Balloon", "gups_throughput": 0.001888, "design": "TPP", "ratio": 1.1758355823126427}, {"balloon": "VirtIO Balloon", "gups_throughput": 0.001877, "design": "TPP", "ratio": 1.168984845339423}, {"balloon": "VirtIO Balloon", "gups_throughput": 0.001856, "design": "TPP", "ratio": 1.1559061656632759}, {"balloon": "VirtIO Balloon", "gups_throughput": 0.001957, "design": "TPP", "ratio": 1.2188083869628399}, {"balloon": "VirtIO Balloon", "gups_throughput": 0.001999, "design": "TPP", "ratio": 1.2449657463151338}, {"balloon": "VirtIO Balloon", "gups_throughput": 0.001943, "design": "TPP", "ratio": 1.210089267178742}, {"balloon": "VirtIO Balloon", "gups_throughput": 0.00201, "design": "TPP", "ratio": 1.2518164832883538}, {"balloon": "VirtIO Balloon", "gups_throughput": 0.001906, "design": "TPP", "ratio": 1.1870458791779115}, {"balloon": "VirtIO Balloon", "gups_throughput": 0.001879, "design": "TPP", "ratio": 1.1702304338800082}, {"balloon": "Static", "gups_throughput": 0.003398, "design": "TPP", "ratio": 2.1162549304546396}, {"balloon": "Static", "gups_throughput": 0.003463, "design": "TPP", "ratio": 2.156736558023666}, {"balloon": "Static", "gups_throughput": 0.003755, "design": "TPP", "ratio": 2.3385924849491384}, {"balloon": "Static", "gups_throughput": 0.003768, "design": "TPP", "ratio": 2.3466888104629438}, {"balloon": "Static", "gups_throughput": 0.003253, "design": "TPP", "ratio": 2.025949761262196}, {"balloon": "Static", "gups_throughput": 0.003674, "design": "TPP", "ratio": 2.2881461490554287}, {"balloon": "Static", "gups_throughput": 0.003374, "design": "TPP", "ratio": 2.1013078679676145}, {"balloon": "Static", "gups_throughput": 0.003462, "design": "TPP", "ratio": 2.1561137637533734}, {"balloon": "Static", "gups_throughput": 0.003052, "design": "TPP", "ratio": 1.900768112933361}]}}