{"config": {"padding": 2, "font": "Libertinus Serif", "view": {"continuousWidth": 240.0, "continuousHeight": 216, "stroke": "black", "strokeWidth": 1}, "mark": {"bar": {}}, "legend": {"gradientStrokeColor": "black", "gradientStrokeWidth": 1, "symbolStrokeColor": "black", "symbolStrokeWidth": 1, "offset": 5, "padding": 0, "columnPadding": 0, "rowPadding": 0, "labelLimit": 50, "titleLimit": 50, "orient": "top", "titleOrient": "left", "titleAnchor": "start", "direction": "horizontal", "title": ""}, "axis": {"labelFontSize": 10, "titleFontSize": 10, "grid": false, "domainColor": "black", "domainWidth": 1, "tickColor": "black", "tickWidth": 1, "tickSize": 3}, "axisX": {"labelAngle": 0}, "axisY": {"titlePadding": -15}, "facet": {"spacing": 0}, "header": {"titlePadding": 0, "labelPadding": 0}}, "data": {"name": "data-32a5bb5b4511e8abb5e1384b97e8765e"}, "facet": {"field": "workload", "header": {"title": null, "titleOrient": "bottom"}, "title": "Elapsed Time (s)", "type": "nominal"}, "spec": {"layer": [{"mark": {"type": "bar", "stroke": "black", "strokeWidth": 1}, "encoding": {"color": {"field": "design", "legend": {"orient": "none", "titleOrient": "top", "direction": "vertical", "title": "Design", "legendX": 403.20000000000005, "legendY": 75.6, "labelLimit": 70, "columns": 2}, "type": "nominal"}, "text": {"aggregate": "mean", "field": "ratio", "format": ".01f", "type": "quantitative"}, "x": {"field": "vmnum", "title": null, "type": "nominal"}, "xOffset": {"field": "design", "type": "nominal"}, "y": {"aggregate": "mean", "field": "elapsed", "scale": {"domain": [0, 2500], "clamp": true}, "title": "Elapsed Time (s)", "type": "quantitative"}}}, {"mark": {"type": "errorbar", "extent": "stderr"}, "encoding": {"color": {"field": "design", "legend": {"orient": "none", "titleOrient": "top", "direction": "vertical", "title": "Design", "legendX": 403.20000000000005, "legendY": 75.6, "labelLimit": 70, "columns": 2}, "type": "nominal"}, "text": {"aggregate": "mean", "field": "ratio", "format": ".01f", "type": "quantitative"}, "x": {"field": "vmnum", "title": null, "type": "nominal"}, "xOffset": {"field": "design", "type": "nominal"}, "y": {"field": "elapsed", "scale": {"zero": false}, "title": "Elapsed Time (s)", "type": "quantitative"}}}, {"mark": {"type": "text", "baseline": "bottom"}, "encoding": {"color": {"field": "design", "legend": {"orient": "none", "titleOrient": "top", "direction": "vertical", "title": "Design", "legendX": 403.20000000000005, "legendY": 75.6, "labelLimit": 70, "columns": 2}, "type": "nominal"}, "text": {"aggregate": "mean", "field": "ratio", "format": ".01f", "type": "quantitative"}, "x": {"field": "vmnum", "title": null, "type": "nominal"}, "xOffset": {"field": "design", "type": "nominal"}, "y": {"aggregate": "mean", "field": "elapsed", "scale": {"domain": [0, 2500], "clamp": true}, "title": "Elapsed Time (s)", "type": "quantitative"}}}], "height": 54.0, "width": 126.0}, "columns": 4, "$schema": "https://vega.github.io/schema/vega-lite/v5.20.1.json", "datasets": {"data-32a5bb5b4511e8abb5e1384b97e8765e": [{"vmnum": 1, "design": "HPlacement", "elapsed": 520.5, "workload": "liblinear", "min": 520.5, "max": 1349.59, "ratio": 1.0}, {"vmnum": 1, "design": "Memtis", "elapsed": 774.39, "workload": "liblinear", "min": 520.5, "max": 1349.59, "ratio": 1.4877809798270893}, {"vmnum": 1, "design": "Nomad", "elapsed": 1349.59, "workload": "liblinear", "min": 520.5, "max": 1349.59, "ratio": 2.5928722382324687}, {"vmnum": 1, "design": "TPP", "elapsed": 840.58, "workload": "liblinear", "min": 520.5, "max": 1349.59, "ratio": 1.6149471661863593}, {"vmnum": 5, "design": "HPlacement", "elapsed": 667.83, "workload": "liblinear", "min": 694.5840000000001, "max": 2353.614, "ratio": 0.9614819805811824}, {"vmnum": 5, "design": "HPlacement", "elapsed": 662.27, "workload": "liblinear", "min": 694.5840000000001, "max": 2353.614, "ratio": 0.9534771892240534}, {"vmnum": 5, "design": "HPlacement", "elapsed": 595.81, "workload": "liblinear", "min": 694.5840000000001, "max": 2353.614, "ratio": 0.8577940177142}, {"vmnum": 5, "design": "HPlacement", "elapsed": 642.04, "workload": "liblinear", "min": 694.5840000000001, "max": 2353.614, "ratio": 0.9243518422537805}, {"vmnum": 5, "design": "HPlacement", "elapsed": 904.97, "workload": "liblinear", "min": 694.5840000000001, "max": 2353.614, "ratio": 1.3028949702267831}, {"vmnum": 5, "design": "Memtis", "elapsed": 1547.53, "workload": "liblinear", "min": 694.5840000000001, "max": 2353.614, "ratio": 2.22799546203195}, {"vmnum": 5, "design": "Memtis", "elapsed": 1580.73, "workload": "liblinear", "min": 694.5840000000001, "max": 2353.614, "ratio": 2.2757938564666045}, {"vmnum": 5, "design": "Memtis", "elapsed": 1718.93, "workload": "liblinear", "min": 694.5840000000001, "max": 2353.614, "ratio": 2.474761871854232}, {"vmnum": 5, "design": "Memtis", "elapsed": 1547.1, "workload": "liblinear", "min": 694.5840000000001, "max": 2353.614, "ratio": 2.2273763864413803}, {"vmnum": 5, "design": "Memtis", "elapsed": 1548.21, "workload": "liblinear", "min": 694.5840000000001, "max": 2353.614, "ratio": 2.2289744652914547}, {"vmnum": 5, "design": "Nomad", "elapsed": 1931.85, "workload": "liblinear", "min": 694.5840000000001, "max": 2353.614, "ratio": 2.7813050689333467}, {"vmnum": 5, "design": "Nomad", "elapsed": 2067.68, "workload": "liblinear", "min": 694.5840000000001, "max": 2353.614, "ratio": 2.9768609700194646}, {"vmnum": 5, "design": "Nomad", "elapsed": 2574.45, "workload": "liblinear", "min": 694.5840000000001, "max": 2353.614, "ratio": 3.7064631491655433}, {"vmnum": 5, "design": "Nomad", "elapsed": 2581.58, "workload": "liblinear", "min": 694.5840000000001, "max": 2353.614, "ratio": 3.716728286283588}, {"vmnum": 5, "design": "Nomad", "elapsed": 2612.51, "workload": "liblinear", "min": 694.5840000000001, "max": 2353.614, "ratio": 3.761258537484307}, {"vmnum": 5, "design": "TPP", "elapsed": 1437.74, "workload": "liblinear", "min": 694.5840000000001, "max": 2353.614, "ratio": 2.0699296269421694}, {"vmnum": 5, "design": "TPP", "elapsed": 1649.96, "workload": "liblinear", "min": 694.5840000000001, "max": 2353.614, "ratio": 2.3754650265482646}, {"vmnum": 5, "design": "TPP", "elapsed": 1069.71, "workload": "liblinear", "min": 694.5840000000001, "max": 2353.614, "ratio": 1.5400729069486194}, {"vmnum": 5, "design": "TPP", "elapsed": 1352.63, "workload": "liblinear", "min": 694.5840000000001, "max": 2353.614, "ratio": 1.9473958513297167}, {"vmnum": 5, "design": "TPP", "elapsed": 1249.41, "workload": "liblinear", "min": 694.5840000000001, "max": 2353.614, "ratio": 1.7987889153795653}, {"vmnum": 9, "design": "HPlacement", "elapsed": 1098.61, "workload": "liblinear", "min": 1047.6455555555556, "max": 3271.6311111111113, "ratio": 1.0486466478802732}, {"vmnum": 9, "design": "HPlacement", "elapsed": 1076.89, "workload": "liblinear", "min": 1047.6455555555556, "max": 3271.6311111111113, "ratio": 1.027914445195099}, {"vmnum": 9, "design": "HPlacement", "elapsed": 1012.47, "workload": "liblinear", "min": 1047.6455555555556, "max": 3271.6311111111113, "ratio": 0.9664241829032508}, {"vmnum": 9, "design": "HPlacement", "elapsed": 1055.15, "workload": "liblinear", "min": 1047.6455555555556, "max": 3271.6311111111113, "ratio": 1.007163152083879}, {"vmnum": 9, "design": "HPlacement", "elapsed": 1062.74, "workload": "liblinear", "min": 1047.6455555555556, "max": 3271.6311111111113, "ratio": 1.014407968768063}, {"vmnum": 9, "design": "HPlacement", "elapsed": 964.85, "workload": "liblinear", "min": 1047.6455555555556, "max": 3271.6311111111113, "ratio": 0.9209698784894382}, {"vmnum": 9, "design": "HPlacement", "elapsed": 989.53, "workload": "liblinear", "min": 1047.6455555555556, "max": 3271.6311111111113, "ratio": 0.9445274642293141}, {"vmnum": 9, "design": "HPlacement", "elapsed": 1113.45, "workload": "liblinear", "min": 1047.6455555555556, "max": 3271.6311111111113, "ratio": 1.0628117440058713}, {"vmnum": 9, "design": "HPlacement", "elapsed": 1055.12, "workload": "liblinear", "min": 1047.6455555555556, "max": 3271.6311111111113, "ratio": 1.0071345164448111}, {"vmnum": 9, "design": "Memtis", "elapsed": 2476.97, "workload": "liblinear", "min": 1047.6455555555556, "max": 3271.6311111111113, "ratio": 2.3643206300689057}, {"vmnum": 9, "design": "Memtis", "elapsed": 2462.36, "workload": "liblinear", "min": 1047.6455555555556, "max": 3271.6311111111113, "ratio": 2.3503750738428284}, {"vmnum": 9, "design": "Memtis", "elapsed": 2469.5, "workload": "liblinear", "min": 1047.6455555555556, "max": 3271.6311111111113, "ratio": 2.3571903559409937}, {"vmnum": 9, "design": "Memtis", "elapsed": 2839.0, "workload": "liblinear", "min": 1047.6455555555556, "max": 3271.6311111111113, "ratio": 2.7098859771275485}, {"vmnum": 9, "design": "Memtis", "elapsed": 2560.29, "workload": "liblinear", "min": 1047.6455555555556, "max": 3271.6311111111113, "ratio": 2.443851344973544}, {"vmnum": 9, "design": "Memtis", "elapsed": 3084.97, "workload": "liblinear", "min": 1047.6455555555556, "max": 3271.6311111111113, "ratio": 2.944669581845429}, {"vmnum": 9, "design": "Memtis", "elapsed": 2549.37, "workload": "liblinear", "min": 1047.6455555555556, "max": 3271.6311111111113, "ratio": 2.4334279723528205}, {"vmnum": 9, "design": "Memtis", "elapsed": 2476.76, "workload": "liblinear", "min": 1047.6455555555556, "max": 3271.6311111111113, "ratio": 2.3641201805954304}, {"vmnum": 9, "design": "Memtis", "elapsed": 3087.64, "workload": "liblinear", "min": 1047.6455555555556, "max": 3271.6311111111113, "ratio": 2.9472181537224738}, {"vmnum": 9, "design": "Nomad", "elapsed": 3022.35, "workload": "liblinear", "min": 1047.6455555555556, "max": 3271.6311111111113, "ratio": 2.8848974578976563}, {"vmnum": 9, "design": "Nomad", "elapsed": 3187.94, "workload": "liblinear", "min": 1047.6455555555556, "max": 3271.6311111111113, "ratio": 3.042956640339555}, {"vmnum": 9, "design": "Nomad", "elapsed": 3063.64, "workload": "liblinear", "min": 1047.6455555555556, "max": 3271.6311111111113, "ratio": 2.9243096424681374}, {"vmnum": 9, "design": "Nomad", "elapsed": 3140.59, "workload": "liblinear", "min": 1047.6455555555556, "max": 3271.6311111111113, "ratio": 2.997760056677354}, {"vmnum": 9, "design": "Nomad", "elapsed": 4173.0, "workload": "liblinear", "min": 1047.6455555555556, "max": 3271.6311111111113, "ratio": 3.983217394347749}, {"vmnum": 9, "design": "Nomad", "elapsed": 3064.42, "workload": "liblinear", "min": 1047.6455555555556, "max": 3271.6311111111113, "ratio": 2.9250541690839036}, {"vmnum": 9, "design": "Nomad", "elapsed": 3607.0, "workload": "liblinear", "min": 1047.6455555555556, "max": 3271.6311111111113, "ratio": 3.4429583372663144}, {"vmnum": 9, "design": "Nomad", "elapsed": 3122.56, "workload": "liblinear", "min": 1047.6455555555556, "max": 3271.6311111111113, "ratio": 2.9805500375975336}, {"vmnum": 9, "design": "Nomad", "elapsed": 3063.18, "workload": "liblinear", "min": 1047.6455555555556, "max": 3271.6311111111113, "ratio": 2.9238705626690957}, {"vmnum": 9, "design": "TPP", "elapsed": 1860.53, "workload": "liblinear", "min": 1047.6455555555556, "max": 3271.6311111111113, "ratio": 1.7759155185012743}, {"vmnum": 9, "design": "TPP", "elapsed": 1955.45, "workload": "liblinear", "min": 1047.6455555555556, "max": 3271.6311111111113, "ratio": 1.866518680512175}, {"vmnum": 9, "design": "TPP", "elapsed": 1914.72, "workload": "liblinear", "min": 1047.6455555555556, "max": 3271.6311111111113, "ratio": 1.8276410278709614}, {"vmnum": 9, "design": "TPP", "elapsed": 1858.46, "workload": "liblinear", "min": 1047.6455555555556, "max": 3271.6311111111113, "ratio": 1.7739396594055878}, {"vmnum": 9, "design": "TPP", "elapsed": 1980.39, "workload": "liblinear", "min": 1047.6455555555556, "max": 3271.6311111111113, "ratio": 1.8903244417906395}, {"vmnum": 9, "design": "TPP", "elapsed": 2365.28, "workload": "liblinear", "min": 1047.6455555555556, "max": 3271.6311111111113, "ratio": 2.2577101458190376}, {"vmnum": 9, "design": "TPP", "elapsed": 1796.69, "workload": "liblinear", "min": 1047.6455555555556, "max": 3271.6311111111113, "ratio": 1.7149788785647393}, {"vmnum": 9, "design": "TPP", "elapsed": 2276.9, "workload": "liblinear", "min": 1047.6455555555556, "max": 3271.6311111111113, "ratio": 2.1733495531249436}, {"vmnum": 9, "design": "TPP", "elapsed": 1950.4, "workload": "liblinear", "min": 1047.6455555555556, "max": 3271.6311111111113, "ratio": 1.8616983479357416}, {"vmnum": 1, "design": "HPlacement", "elapsed": 303.47, "workload": "silo", "min": 303.47, "max": 960.15, "ratio": 1.0}, {"vmnum": 1, "design": "Memtis", "elapsed": 338.56, "workload": "silo", "min": 303.47, "max": 960.15, "ratio": 1.1156292219988795}, {"vmnum": 1, "design": "Nomad", "elapsed": 960.15, "workload": "silo", "min": 303.47, "max": 960.15, "ratio": 3.163904175042014}, {"vmnum": 1, "design": "TPP", "elapsed": 410.21, "workload": "silo", "min": 303.47, "max": 960.15, "ratio": 1.3517316373941408}, {"vmnum": 5, "design": "HPlacement", "elapsed": 412.61, "workload": "silo", "min": 412.95200000000006, "max": 1239.85, "ratio": 0.9991718165791665}, {"vmnum": 5, "design": "HPlacement", "elapsed": 413.29, "workload": "silo", "min": 412.95200000000006, "max": 1239.85, "ratio": 1.000818497065034}, {"vmnum": 5, "design": "HPlacement", "elapsed": 408.52, "workload": "silo", "min": 412.95200000000006, "max": 1239.85, "ratio": 0.9892675177744628}, {"vmnum": 5, "design": "HPlacement", "elapsed": 415.35, "workload": "silo", "min": 412.95200000000006, "max": 1239.85, "ratio": 1.005806970301633}, {"vmnum": 5, "design": "HPlacement", "elapsed": 414.99, "workload": "silo", "min": 412.95200000000006, "max": 1239.85, "ratio": 1.004935198279703}, {"vmnum": 5, "design": "Memtis", "elapsed": 470.21, "workload": "silo", "min": 412.95200000000006, "max": 1239.85, "ratio": 1.138655340087952}, {"vmnum": 5, "design": "Memtis", "elapsed": 468.74, "workload": "silo", "min": 412.95200000000006, "max": 1239.85, "ratio": 1.1350956043317382}, {"vmnum": 5, "design": "Memtis", "elapsed": 469.03, "workload": "silo", "min": 412.95200000000006, "max": 1239.85, "ratio": 1.1357978651271816}, {"vmnum": 5, "design": "Memtis", "elapsed": 462.3, "workload": "silo", "min": 412.95200000000006, "max": 1239.85, "ratio": 1.119500571494992}, {"vmnum": 5, "design": "Memtis", "elapsed": 468.78, "workload": "silo", "min": 412.95200000000006, "max": 1239.85, "ratio": 1.1351924678897303}, {"vmnum": 5, "design": "Nomad", "elapsed": 1288.67, "workload": "silo", "min": 412.95200000000006, "max": 1239.85, "ratio": 3.1206290319456014}, {"vmnum": 5, "design": "Nomad", "elapsed": 1136.83, "workload": "silo", "min": 412.95200000000006, "max": 1239.85, "ratio": 2.7529349658071633}, {"vmnum": 5, "design": "Nomad", "elapsed": 1349.74, "workload": "silo", "min": 412.95200000000006, "max": 1239.85, "ratio": 3.268515469110211}, {"vmnum": 5, "design": "Nomad", "elapsed": 1351.94, "workload": "silo", "min": 412.95200000000006, "max": 1239.85, "ratio": 3.273842964799783}, {"vmnum": 5, "design": "Nomad", "elapsed": 1072.07, "workload": "silo", "min": 412.95200000000006, "max": 1239.85, "ratio": 2.596112865417772}, {"vmnum": 5, "design": "TPP", "elapsed": 514.25, "workload": "silo", "min": 412.95200000000006, "max": 1239.85, "ratio": 1.2453021174373775}, {"vmnum": 5, "design": "TPP", "elapsed": 507.95, "workload": "silo", "min": 412.95200000000006, "max": 1239.85, "ratio": 1.2300461070536042}, {"vmnum": 5, "design": "TPP", "elapsed": 508.15, "workload": "silo", "min": 412.95200000000006, "max": 1239.85, "ratio": 1.2305304248435651}, {"vmnum": 5, "design": "TPP", "elapsed": 511.62, "workload": "silo", "min": 412.95200000000006, "max": 1239.85, "ratio": 1.2389333384993897}, {"vmnum": 5, "design": "TPP", "elapsed": 516.68, "workload": "silo", "min": 412.95200000000006, "max": 1239.85, "ratio": 1.2511865785854044}, {"vmnum": 9, "design": "HPlacement", "elapsed": 556.06, "workload": "silo", "min": 553.8377777777778, "max": 1434.4877777777776, "ratio": 1.0040124063604665}, {"vmnum": 9, "design": "HPlacement", "elapsed": 546.7, "workload": "silo", "min": 553.8377777777778, "max": 1434.4877777777776, "ratio": 0.9871121507701814}, {"vmnum": 9, "design": "HPlacement", "elapsed": 561.54, "workload": "silo", "min": 553.8377777777778, "max": 1434.4877777777776, "ratio": 1.013907000445377}, {"vmnum": 9, "design": "HPlacement", "elapsed": 549.44, "workload": "silo", "min": 553.8377777777778, "max": 1434.4877777777776, "ratio": 0.9920594478126368}, {"vmnum": 9, "design": "HPlacement", "elapsed": 556.06, "workload": "silo", "min": 553.8377777777778, "max": 1434.4877777777776, "ratio": 1.0040124063604665}, {"vmnum": 9, "design": "HPlacement", "elapsed": 555.06, "workload": "silo", "min": 553.8377777777778, "max": 1434.4877777777776, "ratio": 1.0022068234982566}, {"vmnum": 9, "design": "HPlacement", "elapsed": 553.15, "workload": "silo", "min": 553.8377777777778, "max": 1434.4877777777776, "ratio": 0.9987581602314356}, {"vmnum": 9, "design": "HPlacement", "elapsed": 551.47, "workload": "silo", "min": 553.8377777777778, "max": 1434.4877777777776, "ratio": 0.995724781022923}, {"vmnum": 9, "design": "HPlacement", "elapsed": 555.06, "workload": "silo", "min": 553.8377777777778, "max": 1434.4877777777776, "ratio": 1.0022068234982566}, {"vmnum": 9, "design": "Memtis", "elapsed": 596.17, "workload": "silo", "min": 553.8377777777778, "max": 1434.4877777777776, "ratio": 1.0764343349637078}, {"vmnum": 9, "design": "Memtis", "elapsed": 593.31, "workload": "silo", "min": 553.8377777777778, "max": 1434.4877777777776, "ratio": 1.0712703679777873}, {"vmnum": 9, "design": "Memtis", "elapsed": 586.12, "workload": "silo", "min": 553.8377777777778, "max": 1434.4877777777776, "ratio": 1.0582882271984977}, {"vmnum": 9, "design": "Memtis", "elapsed": 597.63, "workload": "silo", "min": 553.8377777777778, "max": 1434.4877777777776, "ratio": 1.0790704859425344}, {"vmnum": 9, "design": "Memtis", "elapsed": 586.8, "workload": "silo", "min": 553.8377777777778, "max": 1434.4877777777776, "ratio": 1.0595160235448005}, {"vmnum": 9, "design": "Memtis", "elapsed": 588.9, "workload": "silo", "min": 553.8377777777778, "max": 1434.4877777777776, "ratio": 1.0633077475554413}, {"vmnum": 9, "design": "Memtis", "elapsed": 589.23, "workload": "silo", "min": 553.8377777777778, "max": 1434.4877777777776, "ratio": 1.0639035898999707}, {"vmnum": 9, "design": "Memtis", "elapsed": 595.47, "workload": "silo", "min": 553.8377777777778, "max": 1434.4877777777776, "ratio": 1.075170426960161}, {"vmnum": 9, "design": "Memtis", "elapsed": 591.71, "workload": "silo", "min": 553.8377777777778, "max": 1434.4877777777776, "ratio": 1.0683814353982515}, {"vmnum": 9, "design": "Nomad", "elapsed": 1350.54, "workload": "silo", "min": 553.8377777777778, "max": 1434.4877777777776, "ratio": 2.43851187872903}, {"vmnum": 9, "design": "Nomad", "elapsed": 1567.78, "workload": "silo", "min": 553.8377777777778, "max": 1434.4877777777776, "ratio": 2.8307566997155202}, {"vmnum": 9, "design": "Nomad", "elapsed": 1352.75, "workload": "silo", "min": 553.8377777777778, "max": 1434.4877777777776, "ratio": 2.442502216854514}, {"vmnum": 9, "design": "Nomad", "elapsed": 1376.2, "workload": "silo", "min": 553.8377777777778, "max": 1434.4877777777776, "ratio": 2.4848431349733375}, {"vmnum": 9, "design": "Nomad", "elapsed": 1401.22, "workload": "silo", "min": 553.8377777777778, "max": 1434.4877777777776, "ratio": 2.5300188181858307}, {"vmnum": 9, "design": "Nomad", "elapsed": 1396.95, "workload": "silo", "min": 553.8377777777778, "max": 1434.4877777777776, "ratio": 2.5223089793641944}, {"vmnum": 9, "design": "Nomad", "elapsed": 1588.81, "workload": "silo", "min": 553.8377777777778, "max": 1434.4877777777776, "ratio": 2.8687281073077955}, {"vmnum": 9, "design": "Nomad", "elapsed": 1414.76, "workload": "silo", "min": 553.8377777777778, "max": 1434.4877777777776, "ratio": 2.5544664101401535}, {"vmnum": 9, "design": "Nomad", "elapsed": 1461.38, "workload": "silo", "min": 553.8377777777778, "max": 1434.4877777777776, "ratio": 2.6386426831763816}, {"vmnum": 9, "design": "TPP", "elapsed": 628.13, "workload": "silo", "min": 553.8377777777778, "max": 1434.4877777777776, "ratio": 1.1341407632399378}, {"vmnum": 9, "design": "TPP", "elapsed": 624.14, "workload": "silo", "min": 553.8377777777778, "max": 1434.4877777777776, "ratio": 1.12693648761972}, {"vmnum": 9, "design": "TPP", "elapsed": 619.88, "workload": "silo", "min": 553.8377777777778, "max": 1434.4877777777776, "ratio": 1.1192447046267058}, {"vmnum": 9, "design": "TPP", "elapsed": 629.26, "workload": "silo", "min": 553.8377777777778, "max": 1434.4877777777776, "ratio": 1.1361810718742351}, {"vmnum": 9, "design": "TPP", "elapsed": 621.67, "workload": "silo", "min": 553.8377777777778, "max": 1434.4877777777776, "ratio": 1.1224766979500616}, {"vmnum": 9, "design": "TPP", "elapsed": 633.56, "workload": "silo", "min": 553.8377777777778, "max": 1434.4877777777776, "ratio": 1.1439450781817377}, {"vmnum": 9, "design": "TPP", "elapsed": 627.72, "workload": "silo", "min": 553.8377777777778, "max": 1434.4877777777776, "ratio": 1.1334004742664319}, {"vmnum": 9, "design": "TPP", "elapsed": 626.98, "workload": "silo", "min": 553.8377777777778, "max": 1434.4877777777776, "ratio": 1.1320643429483965}, {"vmnum": 9, "design": "TPP", "elapsed": 626.97, "workload": "silo", "min": 553.8377777777778, "max": 1434.4877777777776, "ratio": 1.1320462871197745}, {"vmnum": 1, "design": "HPlacement", "elapsed": 331.19, "workload": "btree", "min": 312.1, "max": 354.33, "ratio": 1.0611662928548542}, {"vmnum": 1, "design": "Memtis", "elapsed": 312.1, "workload": "btree", "min": 312.1, "max": 354.33, "ratio": 1.0}, {"vmnum": 1, "design": "Nomad", "elapsed": 343.62, "workload": "btree", "min": 312.1, "max": 354.33, "ratio": 1.1009932713873758}, {"vmnum": 1, "design": "TPP", "elapsed": 354.33, "workload": "btree", "min": 312.1, "max": 354.33, "ratio": 1.1353091957705863}, {"vmnum": 5, "design": "HPlacement", "elapsed": 372.28, "workload": "btree", "min": 374.46799999999996, "max": 401.13599999999997, "ratio": 0.994157044126601}, {"vmnum": 5, "design": "HPlacement", "elapsed": 364.19, "workload": "btree", "min": 374.46799999999996, "max": 401.13599999999997, "ratio": 0.9725530619438778}, {"vmnum": 5, "design": "HPlacement", "elapsed": 373.39, "workload": "btree", "min": 374.46799999999996, "max": 401.13599999999997, "ratio": 0.9971212493457385}, {"vmnum": 5, "design": "HPlacement", "elapsed": 377.99, "workload": "btree", "min": 374.46799999999996, "max": 401.13599999999997, "ratio": 1.009405343046669}, {"vmnum": 5, "design": "HPlacement", "elapsed": 384.49, "workload": "btree", "min": 374.46799999999996, "max": 401.13599999999997, "ratio": 1.026763301537114}, {"vmnum": 5, "design": "Memtis", "elapsed": 389.69, "workload": "btree", "min": 374.46799999999996, "max": 401.13599999999997, "ratio": 1.0406496683294701}, {"vmnum": 5, "design": "Memtis", "elapsed": 429.32, "workload": "btree", "min": 374.46799999999996, "max": 401.13599999999997, "ratio": 1.1464798060181378}, {"vmnum": 5, "design": "Memtis", "elapsed": 368.62, "workload": "btree", "min": 374.46799999999996, "max": 401.13599999999997, "ratio": 0.9843831782689043}, {"vmnum": 5, "design": "Memtis", "elapsed": 358.32, "workload": "btree", "min": 374.46799999999996, "max": 401.13599999999997, "ratio": 0.9568774901994297}, {"vmnum": 5, "design": "Memtis", "elapsed": 383.79, "workload": "btree", "min": 374.46799999999996, "max": 401.13599999999997, "ratio": 1.0248939829304509}, {"vmnum": 5, "design": "Nomad", "elapsed": 403.36, "workload": "btree", "min": 374.46799999999996, "max": 401.13599999999997, "ratio": 1.0771547902624525}, {"vmnum": 5, "design": "Nomad", "elapsed": 383.05, "workload": "btree", "min": 374.46799999999996, "max": 401.13599999999997, "ratio": 1.0229178461176924}, {"vmnum": 5, "design": "Nomad", "elapsed": 392.68, "workload": "btree", "min": 374.46799999999996, "max": 401.13599999999997, "ratio": 1.048634329235075}, {"vmnum": 5, "design": "Nomad", "elapsed": 400.02, "workload": "btree", "min": 374.46799999999996, "max": 401.13599999999997, "ratio": 1.068235470053516}, {"vmnum": 5, "design": "Nomad", "elapsed": 392.82, "workload": "btree", "min": 374.46799999999996, "max": 401.13599999999997, "ratio": 1.0490081929564077}, {"vmnum": 5, "design": "TPP", "elapsed": 385.67, "workload": "btree", "min": 374.46799999999996, "max": 401.13599999999997, "ratio": 1.0299144386169181}, {"vmnum": 5, "design": "TPP", "elapsed": 432.49, "workload": "btree", "min": 374.46799999999996, "max": 401.13599999999997, "ratio": 1.1549451488511704}, {"vmnum": 5, "design": "TPP", "elapsed": 383.53, "workload": "btree", "min": 374.46799999999996, "max": 401.13599999999997, "ratio": 1.024199664590833}, {"vmnum": 5, "design": "TPP", "elapsed": 387.53, "workload": "btree", "min": 374.46799999999996, "max": 401.13599999999997, "ratio": 1.0348814852003376}, {"vmnum": 5, "design": "TPP", "elapsed": 416.46, "workload": "btree", "min": 374.46799999999996, "max": 401.13599999999997, "ratio": 1.1121377527585803}, {"vmnum": 9, "design": "HPlacement", "elapsed": 439.8, "workload": "btree", "min": 435.0011111111111, "max": 510.7033333333333, "ratio": 1.0110319003016597}, {"vmnum": 9, "design": "HPlacement", "elapsed": 440.77, "workload": "btree", "min": 435.0011111111111, "max": 510.7033333333333, "ratio": 1.013261779663398}, {"vmnum": 9, "design": "HPlacement", "elapsed": 419.14, "workload": "btree", "min": 435.0011111111111, "max": 510.7033333333333, "ratio": 0.9635377687413315}, {"vmnum": 9, "design": "HPlacement", "elapsed": 431.51, "workload": "btree", "min": 435.0011111111111, "max": 510.7033333333333, "ratio": 0.9919744777152549}, {"vmnum": 9, "design": "HPlacement", "elapsed": 436.27, "workload": "btree", "min": 435.0011111111111, "max": 510.7033333333333, "ratio": 1.0029169785006935}, {"vmnum": 9, "design": "HPlacement", "elapsed": 435.23, "workload": "btree", "min": 435.0011111111111, "max": 510.7033333333333, "ratio": 1.0005261800097573}, {"vmnum": 9, "design": "HPlacement", "elapsed": 444.31, "workload": "btree", "min": 435.0011111111111, "max": 510.7033333333333, "ratio": 1.0213996899113924}, {"vmnum": 9, "design": "HPlacement", "elapsed": 434.65, "workload": "btree", "min": 435.0011111111111, "max": 510.7033333333333, "ratio": 0.9991928500821199}, {"vmnum": 9, "design": "HPlacement", "elapsed": 433.33, "workload": "btree", "min": 435.0011111111111, "max": 510.7033333333333, "ratio": 0.9961583750743932}, {"vmnum": 9, "design": "Memtis", "elapsed": 439.04, "workload": "btree", "min": 435.0011111111111, "max": 510.7033333333333, "ratio": 1.009284778327514}, {"vmnum": 9, "design": "Memtis", "elapsed": 442.03, "workload": "btree", "min": 435.0011111111111, "max": 510.7033333333333, "ratio": 1.0161583239889553}, {"vmnum": 9, "design": "Memtis", "elapsed": 423.8, "workload": "btree", "min": 435.0011111111111, "max": 510.7033333333333, "ratio": 0.9742503850564879}, {"vmnum": 9, "design": "Memtis", "elapsed": 437.43, "workload": "btree", "min": 435.0011111111111, "max": 510.7033333333333, "ratio": 1.0055836383559686}, {"vmnum": 9, "design": "Memtis", "elapsed": 437.03, "workload": "btree", "min": 435.0011111111111, "max": 510.7033333333333, "ratio": 1.0046641004748391}, {"vmnum": 9, "design": "Memtis", "elapsed": 437.94, "workload": "btree", "min": 435.0011111111111, "max": 510.7033333333333, "ratio": 1.0067560491544083}, {"vmnum": 9, "design": "Memtis", "elapsed": 440.86, "workload": "btree", "min": 435.0011111111111, "max": 510.7033333333333, "ratio": 1.0134686756866522}, {"vmnum": 9, "design": "Memtis", "elapsed": 423.46, "workload": "btree", "min": 435.0011111111111, "max": 510.7033333333333, "ratio": 0.9734687778575278}, {"vmnum": 9, "design": "Memtis", "elapsed": 492.16, "workload": "btree", "min": 435.0011111111111, "max": 510.7033333333333, "ratio": 1.1313994089414843}, {"vmnum": 9, "design": "Nomad", "elapsed": 531.59, "workload": "btree", "min": 435.0011111111111, "max": 510.7033333333333, "ratio": 1.2220428555738045}, {"vmnum": 9, "design": "Nomad", "elapsed": 508.38, "workload": "btree", "min": 435.0011111111111, "max": 510.7033333333333, "ratio": 1.1686866700212772}, {"vmnum": 9, "design": "Nomad", "elapsed": 517.4, "workload": "btree", "min": 435.0011111111111, "max": 510.7033333333333, "ratio": 1.1894222492407427}, {"vmnum": 9, "design": "Nomad", "elapsed": 489.67, "workload": "btree", "min": 435.0011111111111, "max": 510.7033333333333, "ratio": 1.1256752856314545}, {"vmnum": 9, "design": "Nomad", "elapsed": 516.83, "workload": "btree", "min": 435.0011111111111, "max": 510.7033333333333, "ratio": 1.1881119077601336}, {"vmnum": 9, "design": "Nomad", "elapsed": 502.44, "workload": "btree", "min": 435.0011111111111, "max": 510.7033333333333, "ratio": 1.1550315324865073}, {"vmnum": 9, "design": "Nomad", "elapsed": 499.54, "workload": "btree", "min": 435.0011111111111, "max": 510.7033333333333, "ratio": 1.1483648828483197}, {"vmnum": 9, "design": "Nomad", "elapsed": 509.39, "workload": "btree", "min": 435.0011111111111, "max": 510.7033333333333, "ratio": 1.1710085031711286}, {"vmnum": 9, "design": "Nomad", "elapsed": 521.09, "workload": "btree", "min": 435.0011111111111, "max": 510.7033333333333, "ratio": 1.1979049861941606}, {"vmnum": 9, "design": "TPP", "elapsed": 510.18, "workload": "btree", "min": 435.0011111111111, "max": 510.7033333333333, "ratio": 1.172824590486359}, {"vmnum": 9, "design": "TPP", "elapsed": 499.0, "workload": "btree", "min": 435.0011111111111, "max": 510.7033333333333, "ratio": 1.1471235067087953}, {"vmnum": 9, "design": "TPP", "elapsed": 480.1, "workload": "btree", "min": 435.0011111111111, "max": 510.7033333333333, "ratio": 1.1036753418254361}, {"vmnum": 9, "design": "TPP", "elapsed": 506.34, "workload": "btree", "min": 435.0011111111111, "max": 510.7033333333333, "ratio": 1.1639970268275177}, {"vmnum": 9, "design": "TPP", "elapsed": 488.0, "workload": "btree", "min": 435.0011111111111, "max": 510.7033333333333, "ratio": 1.1218362149777397}, {"vmnum": 9, "design": "TPP", "elapsed": 496.41, "workload": "btree", "min": 435.0011111111111, "max": 510.7033333333333, "ratio": 1.141169498928483}, {"vmnum": 9, "design": "TPP", "elapsed": 514.75, "workload": "btree", "min": 435.0011111111111, "max": 510.7033333333333, "ratio": 1.1833303107782611}, {"vmnum": 9, "design": "TPP", "elapsed": 527.8, "workload": "btree", "min": 435.0011111111111, "max": 510.7033333333333, "ratio": 1.2133302341501044}, {"vmnum": 9, "design": "TPP", "elapsed": 526.21, "workload": "btree", "min": 435.0011111111111, "max": 510.7033333333333, "ratio": 1.2096750710726156}, {"vmnum": 1, "design": "HPlacement", "elapsed": 364.22, "workload": "xsbench", "min": 364.22, "max": 1652.53, "ratio": 1.0}, {"vmnum": 1, "design": "Memtis", "elapsed": 589.9, "workload": "xsbench", "min": 364.22, "max": 1652.53, "ratio": 1.6196255010707812}, {"vmnum": 1, "design": "Nomad", "elapsed": 1652.53, "workload": "xsbench", "min": 364.22, "max": 1652.53, "ratio": 4.537175333589588}, {"vmnum": 1, "design": "TPP", "elapsed": 716.94, "workload": "xsbench", "min": 364.22, "max": 1652.53, "ratio": 1.968425676788754}, {"vmnum": 5, "design": "HPlacement", "elapsed": 407.15, "workload": "xsbench", "min": 407.556, "max": 2211.65, "ratio": 0.9990038178802422}, {"vmnum": 5, "design": "HPlacement", "elapsed": 408.87, "workload": "xsbench", "min": 407.556, "max": 2211.65, "ratio": 1.0032240968112358}, {"vmnum": 5, "design": "HPlacement", "elapsed": 406.27, "workload": "xsbench", "min": 407.556, "max": 2211.65, "ratio": 0.99684460540392}, {"vmnum": 5, "design": "HPlacement", "elapsed": 407.14, "workload": "xsbench", "min": 407.556, "max": 2211.65, "ratio": 0.9989792813748295}, {"vmnum": 5, "design": "HPlacement", "elapsed": 408.35, "workload": "xsbench", "min": 407.556, "max": 2211.65, "ratio": 1.0019481985297727}, {"vmnum": 5, "design": "Memtis", "elapsed": 680.62, "workload": "xsbench", "min": 407.556, "max": 2211.65, "ratio": 1.670003631402801}, {"vmnum": 5, "design": "Memtis", "elapsed": 680.16, "workload": "xsbench", "min": 407.556, "max": 2211.65, "ratio": 1.6688749521538144}, {"vmnum": 5, "design": "Memtis", "elapsed": 683.66, "workload": "xsbench", "min": 407.556, "max": 2211.65, "ratio": 1.677462729048278}, {"vmnum": 5, "design": "Memtis", "elapsed": 675.47, "workload": "xsbench", "min": 407.556, "max": 2211.65, "ratio": 1.6573673311152335}, {"vmnum": 5, "design": "Memtis", "elapsed": 679.08, "workload": "xsbench", "min": 407.556, "max": 2211.65, "ratio": 1.6662250095692372}, {"vmnum": 5, "design": "Nomad", "elapsed": 2219.45, "workload": "xsbench", "min": 407.556, "max": 2211.65, "ratio": 5.445754693833485}, {"vmnum": 5, "design": "Nomad", "elapsed": 2212.12, "workload": "xsbench", "min": 407.556, "max": 2211.65, "ratio": 5.427769435365938}, {"vmnum": 5, "design": "Nomad", "elapsed": 2202.39, "workload": "xsbench", "min": 407.556, "max": 2211.65, "ratio": 5.403895415599329}, {"vmnum": 5, "design": "Nomad", "elapsed": 2207.95, "workload": "xsbench", "min": 407.556, "max": 2211.65, "ratio": 5.417537712608819}, {"vmnum": 5, "design": "Nomad", "elapsed": 2216.34, "workload": "xsbench", "min": 407.556, "max": 2211.65, "ratio": 5.43812384065012}, {"vmnum": 5, "design": "TPP", "elapsed": 1745.96, "workload": "xsbench", "min": 407.556, "max": 2211.65, "ratio": 4.2839756990450395}, {"vmnum": 5, "design": "TPP", "elapsed": 1744.37, "workload": "xsbench", "min": 407.556, "max": 2211.65, "ratio": 4.280074394684411}, {"vmnum": 5, "design": "TPP", "elapsed": 1733.92, "workload": "xsbench", "min": 407.556, "max": 2211.65, "ratio": 4.254433746528085}, {"vmnum": 5, "design": "TPP", "elapsed": 1748.27, "workload": "xsbench", "min": 407.556, "max": 2211.65, "ratio": 4.289643631795386}, {"vmnum": 5, "design": "TPP", "elapsed": 1744.64, "workload": "xsbench", "min": 407.556, "max": 2211.65, "ratio": 4.280736880330556}, {"vmnum": 9, "design": "HPlacement", "elapsed": 495.32, "workload": "xsbench", "min": 494.00333333333333, "max": 4796.777777777777, "ratio": 1.0026652991545266}, {"vmnum": 9, "design": "HPlacement", "elapsed": 495.07, "workload": "xsbench", "min": 494.00333333333333, "max": 4796.777777777777, "ratio": 1.0021592296948063}, {"vmnum": 9, "design": "HPlacement", "elapsed": 493.16, "workload": "xsbench", "min": 494.00333333333333, "max": 4796.777777777777, "ratio": 0.9982928590225437}, {"vmnum": 9, "design": "HPlacement", "elapsed": 492.28, "workload": "xsbench", "min": 494.00333333333333, "max": 4796.777777777777, "ratio": 0.9965114945243284}, {"vmnum": 9, "design": "HPlacement", "elapsed": 494.77, "workload": "xsbench", "min": 494.00333333333333, "max": 4796.777777777777, "ratio": 1.0015519463431422}, {"vmnum": 9, "design": "HPlacement", "elapsed": 494.2, "workload": "xsbench", "min": 494.00333333333333, "max": 4796.777777777777, "ratio": 1.00039810797498}, {"vmnum": 9, "design": "HPlacement", "elapsed": 491.88, "workload": "xsbench", "min": 494.00333333333333, "max": 4796.777777777777, "ratio": 0.995701783388776}, {"vmnum": 9, "design": "HPlacement", "elapsed": 492.23, "workload": "xsbench", "min": 494.00333333333333, "max": 4796.777777777777, "ratio": 0.9964102806323845}, {"vmnum": 9, "design": "HPlacement", "elapsed": 497.12, "workload": "xsbench", "min": 494.00333333333333, "max": 4796.777777777777, "ratio": 1.0063089992645124}, {"vmnum": 9, "design": "Memtis", "elapsed": 842.83, "workload": "xsbench", "min": 494.00333333333333, "max": 4796.777777777777, "ratio": 1.7061220909440558}, {"vmnum": 9, "design": "Memtis", "elapsed": 836.75, "workload": "xsbench", "min": 494.00333333333333, "max": 4796.777777777777, "ratio": 1.6938144816836593}, {"vmnum": 9, "design": "Memtis", "elapsed": 831.71, "workload": "xsbench", "min": 494.00333333333333, "max": 4796.777777777777, "ratio": 1.6836121213756994}, {"vmnum": 9, "design": "Memtis", "elapsed": 839.57, "workload": "xsbench", "min": 494.00333333333333, "max": 4796.777777777777, "ratio": 1.699522945189304}, {"vmnum": 9, "design": "Memtis", "elapsed": 839.02, "workload": "xsbench", "min": 494.00333333333333, "max": 4796.777777777777, "ratio": 1.6984095923779192}, {"vmnum": 9, "design": "Memtis", "elapsed": 831.8, "workload": "xsbench", "min": 494.00333333333333, "max": 4796.777777777777, "ratio": 1.6837943063811984}, {"vmnum": 9, "design": "Memtis", "elapsed": 835.22, "workload": "xsbench", "min": 494.00333333333333, "max": 4796.777777777777, "ratio": 1.6907173365901715}, {"vmnum": 9, "design": "Memtis", "elapsed": 834.91, "workload": "xsbench", "min": 494.00333333333333, "max": 4796.777777777777, "ratio": 1.6900898104601183}, {"vmnum": 9, "design": "Memtis", "elapsed": 840.63, "workload": "xsbench", "min": 494.00333333333333, "max": 4796.777777777777, "ratio": 1.7016686796985176}, {"vmnum": 9, "design": "Nomad", "elapsed": 4852.0, "workload": "xsbench", "min": 494.00333333333333, "max": 4796.777777777777, "ratio": 9.82179607425051}, {"vmnum": 9, "design": "Nomad", "elapsed": 4840.0, "workload": "xsbench", "min": 494.00333333333333, "max": 4796.777777777777, "ratio": 9.797504740183939}, {"vmnum": 9, "design": "Nomad", "elapsed": 4474.0, "workload": "xsbench", "min": 494.00333333333333, "max": 4796.777777777777, "ratio": 9.0566190511535}, {"vmnum": 9, "design": "Nomad", "elapsed": 4825.0, "workload": "xsbench", "min": 494.00333333333333, "max": 4796.777777777777, "ratio": 9.767140572600725}, {"vmnum": 9, "design": "Nomad", "elapsed": 4831.0, "workload": "xsbench", "min": 494.00333333333333, "max": 4796.777777777777, "ratio": 9.779286239634011}, {"vmnum": 9, "design": "Nomad", "elapsed": 4843.0, "workload": "xsbench", "min": 494.00333333333333, "max": 4796.777777777777, "ratio": 9.803577573700583}, {"vmnum": 9, "design": "Nomad", "elapsed": 4824.0, "workload": "xsbench", "min": 494.00333333333333, "max": 4796.777777777777, "ratio": 9.765116294761844}, {"vmnum": 9, "design": "Nomad", "elapsed": 4839.0, "workload": "xsbench", "min": 494.00333333333333, "max": 4796.777777777777, "ratio": 9.795480462345058}, {"vmnum": 9, "design": "Nomad", "elapsed": 4843.0, "workload": "xsbench", "min": 494.00333333333333, "max": 4796.777777777777, "ratio": 9.803577573700583}, {"vmnum": 9, "design": "TPP", "elapsed": 3992.0, "workload": "xsbench", "min": 494.00333333333333, "max": 4796.777777777777, "ratio": 8.08091713281287}, {"vmnum": 9, "design": "TPP", "elapsed": 3985.0, "workload": "xsbench", "min": 494.00333333333333, "max": 4796.777777777777, "ratio": 8.066747187940702}, {"vmnum": 9, "design": "TPP", "elapsed": 3994.0, "workload": "xsbench", "min": 494.00333333333333, "max": 4796.777777777777, "ratio": 8.08496568849063}, {"vmnum": 9, "design": "TPP", "elapsed": 3994.0, "workload": "xsbench", "min": 494.00333333333333, "max": 4796.777777777777, "ratio": 8.08496568849063}, {"vmnum": 9, "design": "TPP", "elapsed": 4011.0, "workload": "xsbench", "min": 494.00333333333333, "max": 4796.777777777777, "ratio": 8.119378411751608}, {"vmnum": 9, "design": "TPP", "elapsed": 3992.0, "workload": "xsbench", "min": 494.00333333333333, "max": 4796.777777777777, "ratio": 8.08091713281287}, {"vmnum": 9, "design": "TPP", "elapsed": 3996.0, "workload": "xsbench", "min": 494.00333333333333, "max": 4796.777777777777, "ratio": 8.089014244168393}, {"vmnum": 9, "design": "TPP", "elapsed": 3979.0, "workload": "xsbench", "min": 494.00333333333333, "max": 4796.777777777777, "ratio": 8.054601520907417}, {"vmnum": 9, "design": "TPP", "elapsed": 3994.0, "workload": "xsbench", "min": 494.00333333333333, "max": 4796.777777777777, "ratio": 8.08496568849063}, {"vmnum": 1, "design": "HPlacement", "elapsed": 723.82, "workload": "graph500", "min": 623.29, "max": 854.29, "ratio": 1.1612892874905743}, {"vmnum": 1, "design": "Memtis", "elapsed": 766.73, "workload": "graph500", "min": 623.29, "max": 854.29, "ratio": 1.2301336456545109}, {"vmnum": 1, "design": "Nomad", "elapsed": 854.29, "workload": "graph500", "min": 623.29, "max": 854.29, "ratio": 1.3706139999037366}, {"vmnum": 1, "design": "TPP", "elapsed": 623.29, "workload": "graph500", "min": 623.29, "max": 854.29, "ratio": 1.0}, {"vmnum": 5, "design": "HPlacement", "elapsed": 1010.25, "workload": "graph500", "min": 789.708, "max": 1828.216, "ratio": 1.2792703125712288}, {"vmnum": 5, "design": "HPlacement", "elapsed": 941.92, "workload": "graph500", "min": 789.708, "max": 1828.216, "ratio": 1.1927446600515634}, {"vmnum": 5, "design": "HPlacement", "elapsed": 1006.12, "workload": "graph500", "min": 789.708, "max": 1828.216, "ratio": 1.2740405314369363}, {"vmnum": 5, "design": "HPlacement", "elapsed": 1135.7, "workload": "graph500", "min": 789.708, "max": 1828.216, "ratio": 1.4381264973889085}, {"vmnum": 5, "design": "HPlacement", "elapsed": 939.0, "workload": "graph500", "min": 789.708, "max": 1828.216, "ratio": 1.1890470908234436}, {"vmnum": 5, "design": "Memtis", "elapsed": 1826.17, "workload": "graph500", "min": 789.708, "max": 1828.216, "ratio": 2.312462327847762}, {"vmnum": 5, "design": "Memtis", "elapsed": 1828.61, "workload": "graph500", "min": 789.708, "max": 1828.216, "ratio": 2.315552077476738}, {"vmnum": 5, "design": "Memtis", "elapsed": 1827.55, "workload": "graph500", "min": 789.708, "max": 1828.216, "ratio": 2.3142098091952974}, {"vmnum": 5, "design": "Memtis", "elapsed": 1829.69, "workload": "graph500", "min": 789.708, "max": 1828.216, "ratio": 2.31691967157481}, {"vmnum": 5, "design": "Memtis", "elapsed": 1829.06, "workload": "graph500", "min": 789.708, "max": 1828.216, "ratio": 2.316121908350935}, {"vmnum": 5, "design": "Nomad", "elapsed": 1100.38, "workload": "graph500", "min": 789.708, "max": 1828.216, "ratio": 1.393401105218638}, {"vmnum": 5, "design": "Nomad", "elapsed": 1108.03, "workload": "graph500", "min": 789.708, "max": 1828.216, "ratio": 1.403088230079979}, {"vmnum": 5, "design": "Nomad", "elapsed": 1114.76, "workload": "graph500", "min": 789.708, "max": 1828.216, "ratio": 1.411610367376296}, {"vmnum": 5, "design": "Nomad", "elapsed": 1122.63, "workload": "graph500", "min": 789.708, "max": 1828.216, "ratio": 1.421576076220578}, {"vmnum": 5, "design": "Nomad", "elapsed": 1100.5, "workload": "graph500", "min": 789.708, "max": 1828.216, "ratio": 1.3935530601184236}, {"vmnum": 5, "design": "TPP", "elapsed": 786.05, "workload": "graph500", "min": 789.708, "max": 1828.216, "ratio": 0.9953679081381979}, {"vmnum": 5, "design": "TPP", "elapsed": 790.28, "workload": "graph500", "min": 789.708, "max": 1828.216, "ratio": 1.0007243183556453}, {"vmnum": 5, "design": "TPP", "elapsed": 784.58, "workload": "graph500", "min": 789.708, "max": 1828.216, "ratio": 0.9935064606158226}, {"vmnum": 5, "design": "TPP", "elapsed": 805.01, "workload": "graph500", "min": 789.708, "max": 1828.216, "ratio": 1.0193767823043454}, {"vmnum": 5, "design": "TPP", "elapsed": 782.62, "workload": "graph500", "min": 789.708, "max": 1828.216, "ratio": 0.9910245305859888}, {"vmnum": 9, "design": "HPlacement", "elapsed": 2167.55, "workload": "graph500", "min": 998.9055555555556, "max": 4038.777777777778, "ratio": 2.169924862210308}, {"vmnum": 9, "design": "HPlacement", "elapsed": 1796.47, "workload": "graph500", "min": 998.9055555555556, "max": 4038.777777777778, "ratio": 1.798438290796038}, {"vmnum": 9, "design": "HPlacement", "elapsed": 1789.04, "workload": "graph500", "min": 998.9055555555556, "max": 4038.777777777778, "ratio": 1.7910001501643464}, {"vmnum": 9, "design": "HPlacement", "elapsed": 1787.37, "workload": "graph500", "min": 998.9055555555556, "max": 4038.777777777778, "ratio": 1.789328320439592}, {"vmnum": 9, "design": "HPlacement", "elapsed": 2495.98, "workload": "graph500", "min": 998.9055555555556, "max": 4038.777777777778, "ratio": 2.4987147044265114}, {"vmnum": 9, "design": "HPlacement", "elapsed": 2455.36, "workload": "graph500", "min": 998.9055555555556, "max": 4038.777777777778, "ratio": 2.4580501993848825}, {"vmnum": 9, "design": "HPlacement", "elapsed": 2458.13, "workload": "graph500", "min": 998.9055555555556, "max": 4038.777777777778, "ratio": 2.4608232343175587}, {"vmnum": 9, "design": "HPlacement", "elapsed": 2174.18, "workload": "graph500", "min": 998.9055555555556, "max": 4038.777777777778, "ratio": 2.1765621263271466}, {"vmnum": 9, "design": "HPlacement", "elapsed": 2157.09, "workload": "graph500", "min": 998.9055555555556, "max": 4038.777777777778, "ratio": 2.1594534017786136}, {"vmnum": 9, "design": "Memtis", "elapsed": 4041.0, "workload": "graph500", "min": 998.9055555555556, "max": 4038.777777777778, "ratio": 4.045427495648014}, {"vmnum": 9, "design": "Memtis", "elapsed": 4039.0, "workload": "graph500", "min": 998.9055555555556, "max": 4038.777777777778, "ratio": 4.043425304360884}, {"vmnum": 9, "design": "Memtis", "elapsed": 4043.0, "workload": "graph500", "min": 998.9055555555556, "max": 4038.777777777778, "ratio": 4.047429686935145}, {"vmnum": 9, "design": "Memtis", "elapsed": 4039.0, "workload": "graph500", "min": 998.9055555555556, "max": 4038.777777777778, "ratio": 4.043425304360884}, {"vmnum": 9, "design": "Memtis", "elapsed": 4039.0, "workload": "graph500", "min": 998.9055555555556, "max": 4038.777777777778, "ratio": 4.043425304360884}, {"vmnum": 9, "design": "Memtis", "elapsed": 4034.0, "workload": "graph500", "min": 998.9055555555556, "max": 4038.777777777778, "ratio": 4.038419826143056}, {"vmnum": 9, "design": "Memtis", "elapsed": 4035.0, "workload": "graph500", "min": 998.9055555555556, "max": 4038.777777777778, "ratio": 4.039420921786622}, {"vmnum": 9, "design": "Memtis", "elapsed": 4039.0, "workload": "graph500", "min": 998.9055555555556, "max": 4038.777777777778, "ratio": 4.043425304360884}, {"vmnum": 9, "design": "Memtis", "elapsed": 4040.0, "workload": "graph500", "min": 998.9055555555556, "max": 4038.777777777778, "ratio": 4.04442640000445}, {"vmnum": 9, "design": "Nomad", "elapsed": 1623.84, "workload": "graph500", "min": 998.9055555555556, "max": 4038.777777777778, "ratio": 1.625619149847333}, {"vmnum": 9, "design": "Nomad", "elapsed": 1624.61, "workload": "graph500", "min": 998.9055555555556, "max": 4038.777777777778, "ratio": 1.6263899934928783}, {"vmnum": 9, "design": "Nomad", "elapsed": 1604.86, "workload": "graph500", "min": 998.9055555555556, "max": 4038.777777777778, "ratio": 1.6066183545324604}, {"vmnum": 9, "design": "Nomad", "elapsed": 1616.28, "workload": "graph500", "min": 998.9055555555556, "max": 4038.777777777778, "ratio": 1.618050866781978}, {"vmnum": 9, "design": "Nomad", "elapsed": 1585.71, "workload": "graph500", "min": 998.9055555555556, "max": 4038.777777777778, "ratio": 1.587447372958182}, {"vmnum": 9, "design": "Nomad", "elapsed": 1585.45, "workload": "graph500", "min": 998.9055555555556, "max": 4038.777777777778, "ratio": 1.587187088090855}, {"vmnum": 9, "design": "Nomad", "elapsed": 1570.66, "workload": "graph500", "min": 998.9055555555556, "max": 4038.777777777778, "ratio": 1.572380883522522}, {"vmnum": 9, "design": "Nomad", "elapsed": 1609.35, "workload": "graph500", "min": 998.9055555555556, "max": 4038.777777777778, "ratio": 1.6111132739720693}, {"vmnum": 9, "design": "Nomad", "elapsed": 1637.54, "workload": "graph500", "min": 998.9055555555556, "max": 4038.777777777778, "ratio": 1.6393341601641795}, {"vmnum": 9, "design": "TPP", "elapsed": 1001.06, "workload": "graph500", "min": 998.9055555555556, "max": 4038.777777777778, "ratio": 1.002156804947637}, {"vmnum": 9, "design": "TPP", "elapsed": 995.24, "workload": "graph500", "min": 998.9055555555556, "max": 4038.777777777778, "ratio": 0.9963304283020862}, {"vmnum": 9, "design": "TPP", "elapsed": 1000.03, "workload": "graph500", "min": 998.9055555555556, "max": 4038.777777777778, "ratio": 1.0011256764347647}, {"vmnum": 9, "design": "TPP", "elapsed": 1003.1, "workload": "graph500", "min": 998.9055555555556, "max": 4038.777777777778, "ratio": 1.0041990400605108}, {"vmnum": 9, "design": "TPP", "elapsed": 1003.58, "workload": "graph500", "min": 998.9055555555556, "max": 4038.777777777778, "ratio": 1.004679565969422}, {"vmnum": 9, "design": "TPP", "elapsed": 1000.77, "workload": "graph500", "min": 998.9055555555556, "max": 4038.777777777778, "ratio": 1.001866487211003}, {"vmnum": 9, "design": "TPP", "elapsed": 1009.57, "workload": "graph500", "min": 998.9055555555556, "max": 4038.777777777778, "ratio": 1.0106761288743793}, {"vmnum": 9, "design": "TPP", "elapsed": 969.95, "workload": "graph500", "min": 998.9055555555556, "max": 4038.777777777778, "ratio": 0.9710127194763157}, {"vmnum": 9, "design": "TPP", "elapsed": 1006.85, "workload": "graph500", "min": 998.9055555555556, "max": 4038.777777777778, "ratio": 1.007953148723881}, {"vmnum": 1, "design": "HPlacement", "elapsed": 555.79, "workload": "pagerank", "min": 530.9, "max": 1262.31, "ratio": 1.0468826521002073}, {"vmnum": 1, "design": "Memtis", "elapsed": 645.05, "workload": "pagerank", "min": 530.9, "max": 1262.31, "ratio": 1.2150122433603314}, {"vmnum": 1, "design": "Nomad", "elapsed": 1262.31, "workload": "pagerank", "min": 530.9, "max": 1262.31, "ratio": 2.377679412318704}, {"vmnum": 1, "design": "TPP", "elapsed": 530.9, "workload": "pagerank", "min": 530.9, "max": 1262.31, "ratio": 1.0}, {"vmnum": 5, "design": "HPlacement", "elapsed": 801.81, "workload": "pagerank", "min": 714.204, "max": 1801.1380000000001, "ratio": 1.1226624325822874}, {"vmnum": 5, "design": "HPlacement", "elapsed": 792.59, "workload": "pagerank", "min": 714.204, "max": 1801.1380000000001, "ratio": 1.1097529557381365}, {"vmnum": 5, "design": "HPlacement", "elapsed": 800.13, "workload": "pagerank", "min": 714.204, "max": 1801.1380000000001, "ratio": 1.1203101634827024}, {"vmnum": 5, "design": "HPlacement", "elapsed": 841.91, "workload": "pagerank", "min": 714.204, "max": 1801.1380000000001, "ratio": 1.1788088557330958}, {"vmnum": 5, "design": "HPlacement", "elapsed": 821.41, "workload": "pagerank", "min": 714.204, "max": 1801.1380000000001, "ratio": 1.1501055720774458}, {"vmnum": 5, "design": "Memtis", "elapsed": 1817.12, "workload": "pagerank", "min": 714.204, "max": 1801.1380000000001, "ratio": 2.5442590632368343}, {"vmnum": 5, "design": "Memtis", "elapsed": 1853.0, "workload": "pagerank", "min": 714.204, "max": 1801.1380000000001, "ratio": 2.594496810435114}, {"vmnum": 5, "design": "Memtis", "elapsed": 1496.44, "workload": "pagerank", "min": 714.204, "max": 1801.1380000000001, "ratio": 2.095255697251766}, {"vmnum": 5, "design": "Memtis", "elapsed": 1947.81, "workload": "pagerank", "min": 714.204, "max": 1801.1380000000001, "ratio": 2.72724599694205}, {"vmnum": 5, "design": "Memtis", "elapsed": 1891.32, "workload": "pagerank", "min": 714.204, "max": 1801.1380000000001, "ratio": 2.648150948468505}, {"vmnum": 5, "design": "Nomad", "elapsed": 1329.99, "workload": "pagerank", "min": 714.204, "max": 1801.1380000000001, "ratio": 1.8621990355696694}, {"vmnum": 5, "design": "Nomad", "elapsed": 1343.55, "workload": "pagerank", "min": 714.204, "max": 1801.1380000000001, "ratio": 1.8811852075877482}, {"vmnum": 5, "design": "Nomad", "elapsed": 1315.65, "workload": "pagerank", "min": 714.204, "max": 1801.1380000000001, "ratio": 1.8421207386124976}, {"vmnum": 5, "design": "Nomad", "elapsed": 1335.26, "workload": "pagerank", "min": 714.204, "max": 1801.1380000000001, "ratio": 1.869577879709439}, {"vmnum": 5, "design": "Nomad", "elapsed": 1311.51, "workload": "pagerank", "min": 714.204, "max": 1801.1380000000001, "ratio": 1.8363240754742343}, {"vmnum": 5, "design": "TPP", "elapsed": 729.22, "workload": "pagerank", "min": 714.204, "max": 1801.1380000000001, "ratio": 1.0210248052377193}, {"vmnum": 5, "design": "TPP", "elapsed": 719.3, "workload": "pagerank", "min": 714.204, "max": 1801.1380000000001, "ratio": 1.0071352162687413}, {"vmnum": 5, "design": "TPP", "elapsed": 704.14, "workload": "pagerank", "min": 714.204, "max": 1801.1380000000001, "ratio": 0.9859087879653433}, {"vmnum": 5, "design": "TPP", "elapsed": 716.8, "workload": "pagerank", "min": 714.204, "max": 1801.1380000000001, "ratio": 1.0036348158229302}, {"vmnum": 5, "design": "TPP", "elapsed": 701.56, "workload": "pagerank", "min": 714.204, "max": 1801.1380000000001, "ratio": 0.9822963747052663}, {"vmnum": 9, "design": "HPlacement", "elapsed": 1717.03, "workload": "pagerank", "min": 832.771111111111, "max": 4608.333333333333, "ratio": 2.0618270459803547}, {"vmnum": 9, "design": "HPlacement", "elapsed": 1706.32, "workload": "pagerank", "min": 832.771111111111, "max": 4608.333333333333, "ratio": 2.0489663693104947}, {"vmnum": 9, "design": "HPlacement", "elapsed": 1809.78, "workload": "pagerank", "min": 832.771111111111, "max": 4608.333333333333, "ratio": 2.173202187075547}, {"vmnum": 9, "design": "HPlacement", "elapsed": 1799.57, "workload": "pagerank", "min": 832.771111111111, "max": 4608.333333333333, "ratio": 2.1609419154789764}, {"vmnum": 9, "design": "HPlacement", "elapsed": 1756.65, "workload": "pagerank", "min": 832.771111111111, "max": 4608.333333333333, "ratio": 2.1094031439878105}, {"vmnum": 9, "design": "HPlacement", "elapsed": 1793.62, "workload": "pagerank", "min": 832.771111111111, "max": 4608.333333333333, "ratio": 2.153797095106832}, {"vmnum": 9, "design": "HPlacement", "elapsed": 1792.19, "workload": "pagerank", "min": 832.771111111111, "max": 4608.333333333333, "ratio": 2.1520799365972243}, {"vmnum": 9, "design": "HPlacement", "elapsed": 1727.85, "workload": "pagerank", "min": 832.771111111111, "max": 4608.333333333333, "ratio": 2.0748198117663383}, {"vmnum": 9, "design": "HPlacement", "elapsed": 1727.85, "workload": "pagerank", "min": 832.771111111111, "max": 4608.333333333333, "ratio": 2.0748198117663383}, {"vmnum": 9, "design": "Memtis", "elapsed": 4777.0, "workload": "pagerank", "min": 832.771111111111, "max": 4608.333333333333, "ratio": 5.736270070207367}, {"vmnum": 9, "design": "Memtis", "elapsed": 3974.0, "workload": "pagerank", "min": 832.771111111111, "max": 4608.333333333333, "ratio": 4.772019522504516}, {"vmnum": 9, "design": "Memtis", "elapsed": 4697.0, "workload": "pagerank", "min": 832.771111111111, "max": 4608.333333333333, "ratio": 5.640205258481056}, {"vmnum": 9, "design": "Memtis", "elapsed": 4867.0, "workload": "pagerank", "min": 832.771111111111, "max": 4608.333333333333, "ratio": 5.844342983399467}, {"vmnum": 9, "design": "Memtis", "elapsed": 4597.0, "workload": "pagerank", "min": 832.771111111111, "max": 4608.333333333333, "ratio": 5.520124243823166}, {"vmnum": 9, "design": "Memtis", "elapsed": 4772.0, "workload": "pagerank", "min": 832.771111111111, "max": 4608.333333333333, "ratio": 5.730266019474472}, {"vmnum": 9, "design": "Memtis", "elapsed": 4635.0, "workload": "pagerank", "min": 832.771111111111, "max": 4608.333333333333, "ratio": 5.565755029393165}, {"vmnum": 9, "design": "Memtis", "elapsed": 4693.0, "workload": "pagerank", "min": 832.771111111111, "max": 4608.333333333333, "ratio": 5.63540201789474}, {"vmnum": 9, "design": "Memtis", "elapsed": 4463.0, "workload": "pagerank", "min": 832.771111111111, "max": 4608.333333333333, "ratio": 5.359215684181595}, {"vmnum": 9, "design": "Nomad", "elapsed": 1451.3, "workload": "pagerank", "min": 832.771111111111, "max": 4608.333333333333, "ratio": 1.7427357657299458}, {"vmnum": 9, "design": "Nomad", "elapsed": 1512.83, "workload": "pagerank", "min": 832.771111111111, "max": 4608.333333333333, "ratio": 1.816621614048945}, {"vmnum": 9, "design": "Nomad", "elapsed": 1448.14, "workload": "pagerank", "min": 832.771111111111, "max": 4608.333333333333, "ratio": 1.7389412056667568}, {"vmnum": 9, "design": "Nomad", "elapsed": 1385.47, "workload": "pagerank", "min": 832.771111111111, "max": 4608.333333333333, "ratio": 1.6636864337806574}, {"vmnum": 9, "design": "Nomad", "elapsed": 1489.98, "workload": "pagerank", "min": 832.771111111111, "max": 4608.333333333333, "ratio": 1.7891831021996174}, {"vmnum": 9, "design": "Nomad", "elapsed": 1069.92, "workload": "pagerank", "min": 832.771111111111, "max": 4608.333333333333, "ratio": 1.2847707920276883}, {"vmnum": 9, "design": "Nomad", "elapsed": 1464.63, "workload": "pagerank", "min": 832.771111111111, "max": 4608.333333333333, "ratio": 1.7587425649838426}, {"vmnum": 9, "design": "Nomad", "elapsed": 1474.45, "workload": "pagerank", "min": 832.771111111111, "max": 4608.333333333333, "ratio": 1.7705345206232472}, {"vmnum": 9, "design": "Nomad", "elapsed": 1524.43, "workload": "pagerank", "min": 832.771111111111, "max": 4608.333333333333, "ratio": 1.8305510117492603}, {"vmnum": 9, "design": "TPP", "elapsed": 835.56, "workload": "pagerank", "min": 832.771111111111, "max": 4608.333333333333, "ratio": 1.003348926075459}, {"vmnum": 9, "design": "TPP", "elapsed": 829.63, "workload": "pagerank", "min": 832.771111111111, "max": 4608.333333333333, "ratio": 0.9962281219062461}, {"vmnum": 9, "design": "TPP", "elapsed": 831.66, "workload": "pagerank", "min": 832.771111111111, "max": 4608.333333333333, "ratio": 0.9986657665038012}, {"vmnum": 9, "design": "TPP", "elapsed": 831.69, "workload": "pagerank", "min": 832.771111111111, "max": 4608.333333333333, "ratio": 0.9987017908081988}, {"vmnum": 9, "design": "TPP", "elapsed": 830.62, "workload": "pagerank", "min": 832.771111111111, "max": 4608.333333333333, "ratio": 0.9974169239513593}, {"vmnum": 9, "design": "TPP", "elapsed": 833.13, "workload": "pagerank", "min": 832.771111111111, "max": 4608.333333333333, "ratio": 1.0004309574192722}, {"vmnum": 9, "design": "TPP", "elapsed": 828.73, "workload": "pagerank", "min": 832.771111111111, "max": 4608.333333333333, "ratio": 0.9951473927743252}, {"vmnum": 9, "design": "TPP", "elapsed": 835.12, "workload": "pagerank", "min": 832.771111111111, "max": 4608.333333333333, "ratio": 1.0028205696109642}, {"vmnum": 9, "design": "TPP", "elapsed": 838.8, "workload": "pagerank", "min": 832.771111111111, "max": 4608.333333333333, "ratio": 1.0072395509503744}, {"vmnum": 1, "design": "HPlacement", "elapsed": 155.44, "workload": "bwaves", "min": 153.35, "max": 247.74, "ratio": 1.0136289533746332}, {"vmnum": 1, "design": "Memtis", "elapsed": 153.35, "workload": "bwaves", "min": 153.35, "max": 247.74, "ratio": 1.0}, {"vmnum": 1, "design": "Nomad", "elapsed": 247.74, "workload": "bwaves", "min": 153.35, "max": 247.74, "ratio": 1.6155200521682427}, {"vmnum": 1, "design": "TPP", "elapsed": 166.87, "workload": "bwaves", "min": 153.35, "max": 247.74, "ratio": 1.0881643299641344}, {"vmnum": 5, "design": "HPlacement", "elapsed": 406.91, "workload": "bwaves", "min": 406.93, "max": 509.468, "ratio": 0.9999508514978006}, {"vmnum": 5, "design": "HPlacement", "elapsed": 406.93, "workload": "bwaves", "min": 406.93, "max": 509.468, "ratio": 1.0}, {"vmnum": 5, "design": "HPlacement", "elapsed": 406.91, "workload": "bwaves", "min": 406.93, "max": 509.468, "ratio": 0.9999508514978006}, {"vmnum": 5, "design": "HPlacement", "elapsed": 406.93, "workload": "bwaves", "min": 406.93, "max": 509.468, "ratio": 1.0}, {"vmnum": 5, "design": "HPlacement", "elapsed": 406.97, "workload": "bwaves", "min": 406.93, "max": 509.468, "ratio": 1.0000982970043988}, {"vmnum": 5, "design": "Memtis", "elapsed": 415.59, "workload": "bwaves", "min": 406.93, "max": 509.468, "ratio": 1.021281301452338}, {"vmnum": 5, "design": "Memtis", "elapsed": 415.65, "workload": "bwaves", "min": 406.93, "max": 509.468, "ratio": 1.0214287469589363}, {"vmnum": 5, "design": "Memtis", "elapsed": 415.47, "workload": "bwaves", "min": 406.93, "max": 509.468, "ratio": 1.020986410439142}, {"vmnum": 5, "design": "Memtis", "elapsed": 412.55, "workload": "bwaves", "min": 406.93, "max": 509.468, "ratio": 1.01381072911803}, {"vmnum": 5, "design": "Memtis", "elapsed": 412.76, "workload": "bwaves", "min": 406.93, "max": 509.468, "ratio": 1.0143267883911238}, {"vmnum": 5, "design": "Nomad", "elapsed": 507.53, "workload": "bwaves", "min": 406.93, "max": 509.468, "ratio": 1.247216966062959}, {"vmnum": 5, "design": "Nomad", "elapsed": 510.84, "workload": "bwaves", "min": 406.93, "max": 509.468, "ratio": 1.255351043176959}, {"vmnum": 5, "design": "Nomad", "elapsed": 510.75, "workload": "bwaves", "min": 406.93, "max": 509.468, "ratio": 1.2551298749170618}, {"vmnum": 5, "design": "Nomad", "elapsed": 511.24, "workload": "bwaves", "min": 406.93, "max": 509.468, "ratio": 1.256334013220947}, {"vmnum": 5, "design": "Nomad", "elapsed": 506.98, "workload": "bwaves", "min": 406.93, "max": 509.468, "ratio": 1.245865382252476}, {"vmnum": 5, "design": "TPP", "elapsed": 408.53, "workload": "bwaves", "min": 406.93, "max": 509.468, "ratio": 1.0039318801759516}, {"vmnum": 5, "design": "TPP", "elapsed": 412.37, "workload": "bwaves", "min": 406.93, "max": 509.468, "ratio": 1.0133683925982355}, {"vmnum": 5, "design": "TPP", "elapsed": 411.16, "workload": "bwaves", "min": 406.93, "max": 509.468, "ratio": 1.0103949082151722}, {"vmnum": 5, "design": "TPP", "elapsed": 409.15, "workload": "bwaves", "min": 406.93, "max": 509.468, "ratio": 1.0054554837441327}, {"vmnum": 5, "design": "TPP", "elapsed": 416.23, "workload": "bwaves", "min": 406.93, "max": 509.468, "ratio": 1.0228540535227189}, {"vmnum": 9, "design": "HPlacement", "elapsed": 883.19, "workload": "bwaves", "min": 882.4666666666667, "max": 1131.2922222222223, "ratio": 1.0008196721311475}, {"vmnum": 9, "design": "HPlacement", "elapsed": 883.1, "workload": "bwaves", "min": 882.4666666666667, "max": 1131.2922222222223, "ratio": 1.00071768527612}, {"vmnum": 9, "design": "HPlacement", "elapsed": 883.27, "workload": "bwaves", "min": 882.4666666666667, "max": 1131.2922222222223, "ratio": 1.0009103271133941}, {"vmnum": 9, "design": "HPlacement", "elapsed": 883.14, "workload": "bwaves", "min": 882.4666666666667, "max": 1131.2922222222223, "ratio": 1.0007630127672433}, {"vmnum": 9, "design": "HPlacement", "elapsed": 883.1, "workload": "bwaves", "min": 882.4666666666667, "max": 1131.2922222222223, "ratio": 1.00071768527612}, {"vmnum": 9, "design": "HPlacement", "elapsed": 881.6, "workload": "bwaves", "min": 882.4666666666667, "max": 1131.2922222222223, "ratio": 0.9990179043589937}, {"vmnum": 9, "design": "HPlacement", "elapsed": 881.51, "workload": "bwaves", "min": 882.4666666666667, "max": 1131.2922222222223, "ratio": 0.9989159175039661}, {"vmnum": 9, "design": "HPlacement", "elapsed": 881.78, "workload": "bwaves", "min": 882.4666666666667, "max": 1131.2922222222223, "ratio": 0.9992218780690488}, {"vmnum": 9, "design": "HPlacement", "elapsed": 881.51, "workload": "bwaves", "min": 882.4666666666667, "max": 1131.2922222222223, "ratio": 0.9989159175039661}, {"vmnum": 9, "design": "Memtis", "elapsed": 929.87, "workload": "bwaves", "min": 882.4666666666667, "max": 1131.2922222222223, "ratio": 1.053716854272116}, {"vmnum": 9, "design": "Memtis", "elapsed": 929.84, "workload": "bwaves", "min": 882.4666666666667, "max": 1131.2922222222223, "ratio": 1.0536828586537734}, {"vmnum": 9, "design": "Memtis", "elapsed": 929.81, "workload": "bwaves", "min": 882.4666666666667, "max": 1131.2922222222223, "ratio": 1.0536488630354308}, {"vmnum": 9, "design": "Memtis", "elapsed": 929.05, "workload": "bwaves", "min": 882.4666666666667, "max": 1131.2922222222223, "ratio": 1.052787640704087}, {"vmnum": 9, "design": "Memtis", "elapsed": 928.78, "workload": "bwaves", "min": 882.4666666666667, "max": 1131.2922222222223, "ratio": 1.0524816801390042}, {"vmnum": 9, "design": "Memtis", "elapsed": 926.0, "workload": "bwaves", "min": 882.4666666666667, "max": 1131.2922222222223, "ratio": 1.0493314195059302}, {"vmnum": 9, "design": "Memtis", "elapsed": 925.94, "workload": "bwaves", "min": 882.4666666666667, "max": 1131.2922222222223, "ratio": 1.0492634282692452}, {"vmnum": 9, "design": "Memtis", "elapsed": 941.85, "workload": "bwaves", "min": 882.4666666666667, "max": 1131.2922222222223, "ratio": 1.0672924378635642}, {"vmnum": 9, "design": "Memtis", "elapsed": 928.47, "workload": "bwaves", "min": 882.4666666666667, "max": 1131.2922222222223, "ratio": 1.0521303920827982}, {"vmnum": 9, "design": "Nomad", "elapsed": 1135.57, "workload": "bwaves", "min": 882.4666666666667, "max": 1131.2922222222223, "ratio": 1.2868134773740272}, {"vmnum": 9, "design": "Nomad", "elapsed": 1136.38, "workload": "bwaves", "min": 882.4666666666667, "max": 1131.2922222222223, "ratio": 1.2877313590692756}, {"vmnum": 9, "design": "Nomad", "elapsed": 1131.84, "workload": "bwaves", "min": 882.4666666666667, "max": 1131.2922222222223, "ratio": 1.2825866888267734}, {"vmnum": 9, "design": "Nomad", "elapsed": 1135.66, "workload": "bwaves", "min": 882.4666666666667, "max": 1131.2922222222223, "ratio": 1.286915464229055}, {"vmnum": 9, "design": "Nomad", "elapsed": 1124.39, "workload": "bwaves", "min": 882.4666666666667, "max": 1131.2922222222223, "ratio": 1.2741444436050466}, {"vmnum": 9, "design": "Nomad", "elapsed": 1134.87, "workload": "bwaves", "min": 882.4666666666667, "max": 1131.2922222222223, "ratio": 1.2860202462793682}, {"vmnum": 9, "design": "Nomad", "elapsed": 1110.07, "workload": "bwaves", "min": 882.4666666666667, "max": 1131.2922222222223, "ratio": 1.2579172017828812}, {"vmnum": 9, "design": "Nomad", "elapsed": 1137.43, "workload": "bwaves", "min": 882.4666666666667, "max": 1131.2922222222223, "ratio": 1.288921205711264}, {"vmnum": 9, "design": "Nomad", "elapsed": 1135.42, "workload": "bwaves", "min": 882.4666666666667, "max": 1131.2922222222223, "ratio": 1.2866434992823148}, {"vmnum": 9, "design": "TPP", "elapsed": 977.46, "workload": "bwaves", "min": 882.4666666666667, "max": 1131.2922222222223, "ratio": 1.1076452368361411}, {"vmnum": 9, "design": "TPP", "elapsed": 976.95, "workload": "bwaves", "min": 882.4666666666667, "max": 1131.2922222222223, "ratio": 1.1070673113243181}, {"vmnum": 9, "design": "TPP", "elapsed": 975.72, "workload": "bwaves", "min": 882.4666666666667, "max": 1131.2922222222223, "ratio": 1.1056734909722747}, {"vmnum": 9, "design": "TPP", "elapsed": 968.53, "workload": "bwaves", "min": 882.4666666666667, "max": 1131.2922222222223, "ratio": 1.0975258744428495}, {"vmnum": 9, "design": "TPP", "elapsed": 967.1, "workload": "bwaves", "min": 882.4666666666667, "max": 1131.2922222222223, "ratio": 1.0959054166351891}, {"vmnum": 9, "design": "TPP", "elapsed": 968.41, "workload": "bwaves", "min": 882.4666666666667, "max": 1131.2922222222223, "ratio": 1.0973898919694793}, {"vmnum": 9, "design": "TPP", "elapsed": 971.01, "workload": "bwaves", "min": 882.4666666666667, "max": 1131.2922222222223, "ratio": 1.1003361788924984}, {"vmnum": 9, "design": "TPP", "elapsed": 977.41, "workload": "bwaves", "min": 882.4666666666667, "max": 1131.2922222222223, "ratio": 1.107588577472237}, {"vmnum": 9, "design": "TPP", "elapsed": 963.84, "workload": "bwaves", "min": 882.4666666666667, "max": 1131.2922222222223, "ratio": 1.092211226108635}]}}