{"config": {"padding": 2, "font": "Libertinus Serif", "view": {"continuousWidth": 240.0, "continuousHeight": 216, "stroke": "black", "strokeWidth": 1}, "mark": {"bar": {}}, "legend": {"gradientStrokeColor": "black", "gradientStrokeWidth": 1, "symbolStrokeColor": "black", "symbolStrokeWidth": 1, "offset": 5, "padding": 0, "columnPadding": 0, "rowPadding": 0, "labelLimit": 45, "titleLimit": 50}, "axis": {"labelFontSize": 10, "titleFontSize": 10, "grid": false, "domainColor": "black", "domainWidth": 1, "tickColor": "black", "tickWidth": 1, "tickSize": 3}, "axisX": {"labelAngle": 0}, "axisY": {"titlePadding": -15}}, "layer": [{"mark": {"type": "bar", "stroke": "black", "strokeWidth": 1}, "encoding": {"color": {"field": "design", "legend": {"orient": "top", "titleOrient": "left", "titleAnchor": "start", "direction": "horizontal", "title": ""}, "type": "nominal"}, "text": {"aggregate": "mean", "field": "ratio", "format": ".02f", "type": "quantitative"}, "x": {"field": "vmnum", "title": "Total Number of Virtual Machines", "type": "nominal"}, "xOffset": {"field": "design", "type": "nominal"}, "y": {"aggregate": "mean", "field": "graph500", "scale": {"domainMin": 0}, "title": "graph500", "type": "quantitative"}}}, {"mark": {"type": "errorbar", "extent": "stderr"}, "encoding": {"color": {"field": "design", "legend": {"orient": "top", "titleOrient": "left", "titleAnchor": "start", "direction": "horizontal", "title": ""}, "type": "nominal"}, "text": {"aggregate": "mean", "field": "ratio", "format": ".02f", "type": "quantitative"}, "x": {"field": "vmnum", "title": "Total Number of Virtual Machines", "type": "nominal"}, "xOffset": {"field": "design", "type": "nominal"}, "y": {"field": "graph500", "scale": {"zero": false}, "type": "quantitative"}}}, {"mark": {"type": "text", "baseline": "bottom"}, "encoding": {"color": {"field": "design", "legend": {"orient": "top", "titleOrient": "left", "titleAnchor": "start", "direction": "horizontal", "title": ""}, "type": "nominal"}, "text": {"aggregate": "mean", "field": "ratio", "format": ".02f", "type": "quantitative"}, "x": {"field": "vmnum", "title": "Total Number of Virtual Machines", "type": "nominal"}, "xOffset": {"field": "design", "type": "nominal"}, "y": {"aggregate": "mean", "field": "graph500", "scale": {"domainMin": 0}, "title": "graph500", "type": "quantitative"}}}], "data": {"name": "data-c5b168e734d13f9f96be62a251dc512d"}, "height": 108.0, "$schema": "https://vega.github.io/schema/vega-lite/v5.20.1.json", "datasets": {"data-c5b168e734d13f9f96be62a251dc512d": [{"Unnamed: 0": 0, "runid": "2024-11-29T01:57:58.318672+08:00", "vmid": 0, "vmnum": 1, "kernel": "6.10.0-guest+", "design": "HPlacement", "balloon": "hagent", "pgmigrate_success": 0, "folio_exchange_success": 637837.0, "folio_exchange_failed": 12.0, "pebs_nr_sampled": 280352, "pebs_nr_sampled_fmem": 0, "pebs_nr_sampled_smem": 0, "gups_throughput": null, "gups_elapsed": null, "exit_status": null, "percent_of_cpu": null, "user_time": null, "system_time": null, "gups": null, "xsbench": null, "graph500": 908.78, "pagerank": null, "liblinear": null, "bwaves": null, "btree": null, "silo": null, "memtis_cpu_usage": null, "dram_ratio_first_gib": null, "dram_ratio_last_gib": null, "l3miss_event_period": null, "ldlat_event_period": 4093.0, "store_event_period": 65535.0, "util_overflow_handler": 18.0, "overflow_handler_ns": 1653631521.0, "util_policy": 366.0, "policy_ns": 33198451076.0, "util_migration": 106.0, "migration_ns": 9653629389.0, "util_perf_prepare": 12.0, "perf_prepare_ns": 1117479090.0, "util_split": 365.0, "split_ns": 33085437768.0, "ptea_scan_ns": null, "ptea_scanned": null, "lru_rotate_ns": null, "demote_ns": null, "hint_fault_ns": null, "promote_ns": null, "sampling_ns": null, "ptext_ns": null, "ratio": 1.0}, {"Unnamed: 0": 1, "runid": "2024-11-29T02:14:05.593841+08:00", "vmid": 0, "vmnum": 1, "kernel": "5.15.162-memtis+", "design": "Memtis", "balloon": "hagent", "pgmigrate_success": 883, "folio_exchange_success": null, "folio_exchange_failed": null, "pebs_nr_sampled": 18315326, "pebs_nr_sampled_fmem": 3633689, "pebs_nr_sampled_smem": 14661822, "gups_throughput": null, "gups_elapsed": null, "exit_status": null, "percent_of_cpu": null, "user_time": null, "system_time": null, "gups": null, "xsbench": null, "graph500": 1288.64, "pagerank": null, "liblinear": null, "bwaves": null, "btree": null, "silo": null, "memtis_cpu_usage": 46.0, "dram_ratio_first_gib": null, "dram_ratio_last_gib": null, "l3miss_event_period": null, "ldlat_event_period": null, "store_event_period": null, "util_overflow_handler": null, "overflow_handler_ns": null, "util_policy": null, "policy_ns": null, "util_migration": null, "migration_ns": null, "util_perf_prepare": null, "perf_prepare_ns": null, "util_split": null, "split_ns": null, "ptea_scan_ns": 0.0, "ptea_scanned": 0.0, "lru_rotate_ns": 81062801858.0, "demote_ns": 0.0, "hint_fault_ns": 0.0, "promote_ns": 5951974.0, "sampling_ns": 58901751640.0, "ptext_ns": 43926553409.0, "ratio": 1.41798895222166}, {"Unnamed: 0": 2, "runid": "2024-11-29T02:36:32.774625+08:00", "vmid": 0, "vmnum": 1, "kernel": "5.15.162-nomad+", "design": "Nomad", "balloon": "hagent", "pgmigrate_success": 9017908788787, "folio_exchange_success": null, "folio_exchange_failed": null, "pebs_nr_sampled": 0, "pebs_nr_sampled_fmem": 0, "pebs_nr_sampled_smem": 0, "gups_throughput": null, "gups_elapsed": null, "exit_status": null, "percent_of_cpu": null, "user_time": null, "system_time": null, "gups": null, "xsbench": null, "graph500": 1324.74, "pagerank": null, "liblinear": null, "bwaves": null, "btree": null, "silo": null, "memtis_cpu_usage": null, "dram_ratio_first_gib": null, "dram_ratio_last_gib": null, "l3miss_event_period": null, "ldlat_event_period": null, "store_event_period": null, "util_overflow_handler": null, "overflow_handler_ns": null, "util_policy": null, "policy_ns": null, "util_migration": null, "migration_ns": null, "util_perf_prepare": null, "perf_prepare_ns": null, "util_split": null, "split_ns": null, "ptea_scan_ns": 195998537142.0, "ptea_scanned": 780176684.0, "lru_rotate_ns": 557721872987.0, "demote_ns": 70570231270.0, "hint_fault_ns": 73306551266.0, "promote_ns": 591174653.0, "sampling_ns": 0.0, "ptext_ns": 0.0, "ratio": 1.4577125376878892}, {"Unnamed: 0": 3, "runid": "2024-11-29T02:59:38.143339+08:00", "vmid": 0, "vmnum": 1, "kernel": "5.15.162-tpp+", "design": "TPP", "balloon": "hagent", "pgmigrate_success": 2848139, "folio_exchange_success": null, "folio_exchange_failed": null, "pebs_nr_sampled": 0, "pebs_nr_sampled_fmem": 0, "pebs_nr_sampled_smem": 0, "gups_throughput": null, "gups_elapsed": null, "exit_status": null, "percent_of_cpu": null, "user_time": null, "system_time": null, "gups": null, "xsbench": null, "graph500": 940.1, "pagerank": null, "liblinear": null, "bwaves": null, "btree": null, "silo": null, "memtis_cpu_usage": null, "dram_ratio_first_gib": null, "dram_ratio_last_gib": null, "l3miss_event_period": null, "ldlat_event_period": null, "store_event_period": null, "util_overflow_handler": null, "overflow_handler_ns": null, "util_policy": null, "policy_ns": null, "util_migration": null, "migration_ns": null, "util_perf_prepare": null, "perf_prepare_ns": null, "util_split": null, "split_ns": null, "ptea_scan_ns": 13734281317.0, "ptea_scanned": 40074754.0, "lru_rotate_ns": 117681756446.0, "demote_ns": 62335210941.0, "hint_fault_ns": 43508971024.0, "promote_ns": 2038840223.0, "sampling_ns": 0.0, "ptext_ns": 0.0, "ratio": 1.0344637866150224}, {"Unnamed: 0": 4, "runid": "2024-11-29T03:16:17.450180+08:00", "vmid": 0, "vmnum": 5, "kernel": "6.10.0-guest+", "design": "HPlacement", "balloon": "hagent", "pgmigrate_success": 0, "folio_exchange_success": 638519.0, "folio_exchange_failed": 12.0, "pebs_nr_sampled": 277221, "pebs_nr_sampled_fmem": 0, "pebs_nr_sampled_smem": 0, "gups_throughput": null, "gups_elapsed": null, "exit_status": null, "percent_of_cpu": null, "user_time": null, "system_time": null, "gups": null, "xsbench": null, "graph500": 1272.53, "pagerank": null, "liblinear": null, "bwaves": null, "btree": null, "silo": null, "memtis_cpu_usage": null, "dram_ratio_first_gib": null, "dram_ratio_last_gib": null, "l3miss_event_period": null, "ldlat_event_period": 4093.0, "store_event_period": 65535.0, "util_overflow_handler": 13.0, "overflow_handler_ns": 1689578386.0, "util_policy": 298.0, "policy_ns": 37932422137.0, "util_migration": 96.0, "migration_ns": 12219478087.0, "util_perf_prepare": 9.0, "perf_prepare_ns": 1181126433.0, "util_split": 297.0, "split_ns": 37727275953.0, "ptea_scan_ns": null, "ptea_scanned": null, "lru_rotate_ns": null, "demote_ns": null, "hint_fault_ns": null, "promote_ns": null, "sampling_ns": null, "ptext_ns": null, "ratio": 1.4002618895662318}, {"Unnamed: 0": 5, "runid": "2024-11-29T03:16:17.450180+08:00", "vmid": 1, "vmnum": 5, "kernel": "6.10.0-guest+", "design": "HPlacement", "balloon": "hagent", "pgmigrate_success": 0, "folio_exchange_success": 565155.0, "folio_exchange_failed": 178.0, "pebs_nr_sampled": 274302, "pebs_nr_sampled_fmem": 0, "pebs_nr_sampled_smem": 0, "gups_throughput": null, "gups_elapsed": null, "exit_status": null, "percent_of_cpu": null, "user_time": null, "system_time": null, "gups": null, "xsbench": null, "graph500": 1616.6, "pagerank": null, "liblinear": null, "bwaves": null, "btree": null, "silo": null, "memtis_cpu_usage": null, "dram_ratio_first_gib": null, "dram_ratio_last_gib": null, "l3miss_event_period": null, "ldlat_event_period": 4093.0, "store_event_period": 65535.0, "util_overflow_handler": 10.0, "overflow_handler_ns": 1709907634.0, "util_policy": 224.0, "policy_ns": 36275317472.0, "util_migration": 76.0, "migration_ns": 12343385982.0, "util_perf_prepare": 7.0, "perf_prepare_ns": 1200360576.0, "util_split": 223.0, "split_ns": 36142925605.0, "ptea_scan_ns": null, "ptea_scanned": null, "lru_rotate_ns": null, "demote_ns": null, "hint_fault_ns": null, "promote_ns": null, "sampling_ns": null, "ptext_ns": null, "ratio": 1.7788683729835604}, {"Unnamed: 0": 6, "runid": "2024-11-29T03:16:17.450180+08:00", "vmid": 2, "vmnum": 5, "kernel": "6.10.0-guest+", "design": "HPlacement", "balloon": "hagent", "pgmigrate_success": 0, "folio_exchange_success": 529357.0, "folio_exchange_failed": 14.0, "pebs_nr_sampled": 270287, "pebs_nr_sampled_fmem": 0, "pebs_nr_sampled_smem": 0, "gups_throughput": null, "gups_elapsed": null, "exit_status": null, "percent_of_cpu": null, "user_time": null, "system_time": null, "gups": null, "xsbench": null, "graph500": 1545.86, "pagerank": null, "liblinear": null, "bwaves": null, "btree": null, "silo": null, "memtis_cpu_usage": null, "dram_ratio_first_gib": null, "dram_ratio_last_gib": null, "l3miss_event_period": null, "ldlat_event_period": 4093.0, "store_event_period": 65535.0, "util_overflow_handler": 11.0, "overflow_handler_ns": 1707118349.0, "util_policy": 265.0, "policy_ns": 40934034965.0, "util_migration": 81.0, "migration_ns": 12534951174.0, "util_perf_prepare": 7.0, "perf_prepare_ns": 1196175597.0, "util_split": 264.0, "split_ns": 40747995237.0, "ptea_scan_ns": null, "ptea_scanned": null, "lru_rotate_ns": null, "demote_ns": null, "hint_fault_ns": null, "promote_ns": null, "sampling_ns": null, "ptext_ns": null, "ratio": 1.70102775149101}, {"Unnamed: 0": 7, "runid": "2024-11-29T03:16:17.450180+08:00", "vmid": 3, "vmnum": 5, "kernel": "6.10.0-guest+", "design": "HPlacement", "balloon": "hagent", "pgmigrate_success": 0, "folio_exchange_success": 376213.0, "folio_exchange_failed": 12.0, "pebs_nr_sampled": 304082, "pebs_nr_sampled_fmem": 0, "pebs_nr_sampled_smem": 0, "gups_throughput": null, "gups_elapsed": null, "exit_status": null, "percent_of_cpu": null, "user_time": null, "system_time": null, "gups": null, "xsbench": null, "graph500": 1244.77, "pagerank": null, "liblinear": null, "bwaves": null, "btree": null, "silo": null, "memtis_cpu_usage": null, "dram_ratio_first_gib": null, "dram_ratio_last_gib": null, "l3miss_event_period": null, "ldlat_event_period": 4093.0, "store_event_period": 65535.0, "util_overflow_handler": 14.0, "overflow_handler_ns": 1758616881.0, "util_policy": 286.0, "policy_ns": 35554089336.0, "util_migration": 59.0, "migration_ns": 7332735123.0, "util_perf_prepare": 9.0, "perf_prepare_ns": 1226901457.0, "util_split": 284.0, "split_ns": 35401111880.0, "ptea_scan_ns": null, "ptea_scanned": null, "lru_rotate_ns": null, "demote_ns": null, "hint_fault_ns": null, "promote_ns": null, "sampling_ns": null, "ptext_ns": null, "ratio": 1.369715442681397}, {"Unnamed: 0": 8, "runid": "2024-11-29T03:16:17.450180+08:00", "vmid": 4, "vmnum": 5, "kernel": "6.10.0-guest+", "design": "HPlacement", "balloon": "hagent", "pgmigrate_success": 0, "folio_exchange_success": 483378.0, "folio_exchange_failed": 13.0, "pebs_nr_sampled": 304681, "pebs_nr_sampled_fmem": 0, "pebs_nr_sampled_smem": 0, "gups_throughput": null, "gups_elapsed": null, "exit_status": null, "percent_of_cpu": null, "user_time": null, "system_time": null, "gups": null, "xsbench": null, "graph500": 1266.91, "pagerank": null, "liblinear": null, "bwaves": null, "btree": null, "silo": null, "memtis_cpu_usage": null, "dram_ratio_first_gib": null, "dram_ratio_last_gib": null, "l3miss_event_period": null, "ldlat_event_period": 4093.0, "store_event_period": 65535.0, "util_overflow_handler": 13.0, "overflow_handler_ns": 1757556442.0, "util_policy": 309.0, "policy_ns": 39104529750.0, "util_migration": 100.0, "migration_ns": 12760829855.0, "util_perf_prepare": 9.0, "perf_prepare_ns": 1235523171.0, "util_split": 307.0, "split_ns": 38915450684.0, "ptea_scan_ns": null, "ptea_scanned": null, "lru_rotate_ns": null, "demote_ns": null, "hint_fault_ns": null, "promote_ns": null, "sampling_ns": null, "ptext_ns": null, "ratio": 1.394077774598913}, {"Unnamed: 0": 9, "runid": "2024-11-29T03:44:25.946230+08:00", "vmid": 0, "vmnum": 5, "kernel": "5.15.162-memtis+", "design": "Memtis", "balloon": "hagent", "pgmigrate_success": 7102, "folio_exchange_success": null, "folio_exchange_failed": null, "pebs_nr_sampled": 32379828, "pebs_nr_sampled_fmem": 3633030, "pebs_nr_sampled_smem": 28739909, "gups_throughput": null, "gups_elapsed": null, "exit_status": null, "percent_of_cpu": null, "user_time": null, "system_time": null, "gups": null, "xsbench": null, "graph500": 3133.25, "pagerank": null, "liblinear": null, "bwaves": null, "btree": null, "silo": null, "memtis_cpu_usage": 52.0, "dram_ratio_first_gib": null, "dram_ratio_last_gib": null, "l3miss_event_period": null, "ldlat_event_period": null, "store_event_period": null, "util_overflow_handler": null, "overflow_handler_ns": null, "util_policy": null, "policy_ns": null, "util_migration": null, "migration_ns": null, "util_perf_prepare": null, "perf_prepare_ns": null, "util_split": null, "split_ns": null, "ptea_scan_ns": 0.0, "ptea_scanned": 0.0, "lru_rotate_ns": 212607655883.0, "demote_ns": 0.0, "hint_fault_ns": 0.0, "promote_ns": 31019015.0, "sampling_ns": 164802917624.0, "ptext_ns": 129581976313.0, "ratio": 3.4477541319131144}, {"Unnamed: 0": 10, "runid": "2024-11-29T03:44:25.946230+08:00", "vmid": 1, "vmnum": 5, "kernel": "5.15.162-memtis+", "design": "Memtis", "balloon": "hagent", "pgmigrate_success": 29036, "folio_exchange_success": null, "folio_exchange_failed": null, "pebs_nr_sampled": 32317856, "pebs_nr_sampled_fmem": 3763144, "pebs_nr_sampled_smem": 28550023, "gups_throughput": null, "gups_elapsed": null, "exit_status": null, "percent_of_cpu": null, "user_time": null, "system_time": null, "gups": null, "xsbench": null, "graph500": 3125.41, "pagerank": null, "liblinear": null, "bwaves": null, "btree": null, "silo": null, "memtis_cpu_usage": 51.0, "dram_ratio_first_gib": null, "dram_ratio_last_gib": null, "l3miss_event_period": null, "ldlat_event_period": null, "store_event_period": null, "util_overflow_handler": null, "overflow_handler_ns": null, "util_policy": null, "policy_ns": null, "util_migration": null, "migration_ns": null, "util_perf_prepare": null, "perf_prepare_ns": null, "util_split": null, "split_ns": null, "ptea_scan_ns": 0.0, "ptea_scanned": 0.0, "lru_rotate_ns": 212685797434.0, "demote_ns": 0.0, "hint_fault_ns": 0.0, "promote_ns": 204738669.0, "sampling_ns": 160561202725.0, "ptext_ns": 133371454159.0, "ratio": 3.4391271814960716}, {"Unnamed: 0": 11, "runid": "2024-11-29T03:44:25.946230+08:00", "vmid": 2, "vmnum": 5, "kernel": "5.15.162-memtis+", "design": "Memtis", "balloon": "hagent", "pgmigrate_success": 65080, "folio_exchange_success": null, "folio_exchange_failed": null, "pebs_nr_sampled": 33787520, "pebs_nr_sampled_fmem": 3677119, "pebs_nr_sampled_smem": 30105669, "gups_throughput": null, "gups_elapsed": null, "exit_status": null, "percent_of_cpu": null, "user_time": null, "system_time": null, "gups": null, "xsbench": null, "graph500": 3130.39, "pagerank": null, "liblinear": null, "bwaves": null, "btree": null, "silo": null, "memtis_cpu_usage": 51.0, "dram_ratio_first_gib": null, "dram_ratio_last_gib": null, "l3miss_event_period": null, "ldlat_event_period": null, "store_event_period": null, "util_overflow_handler": null, "overflow_handler_ns": null, "util_policy": null, "policy_ns": null, "util_migration": null, "migration_ns": null, "util_perf_prepare": null, "perf_prepare_ns": null, "util_split": null, "split_ns": null, "ptea_scan_ns": 0.0, "ptea_scanned": 0.0, "lru_rotate_ns": 216481631034.0, "demote_ns": 0.0, "hint_fault_ns": 0.0, "promote_ns": 145569832.0, "sampling_ns": 159149400848.0, "ptext_ns": 134446727890.0, "ratio": 3.4446070556130195}, {"Unnamed: 0": 12, "runid": "2024-11-29T03:44:25.946230+08:00", "vmid": 3, "vmnum": 5, "kernel": "5.15.162-memtis+", "design": "Memtis", "balloon": "hagent", "pgmigrate_success": 1045, "folio_exchange_success": null, "folio_exchange_failed": null, "pebs_nr_sampled": 33251954, "pebs_nr_sampled_fmem": 3629006, "pebs_nr_sampled_smem": 29616092, "gups_throughput": null, "gups_elapsed": null, "exit_status": null, "percent_of_cpu": null, "user_time": null, "system_time": null, "gups": null, "xsbench": null, "graph500": 3129.31, "pagerank": null, "liblinear": null, "bwaves": null, "btree": null, "silo": null, "memtis_cpu_usage": 53.0, "dram_ratio_first_gib": null, "dram_ratio_last_gib": null, "l3miss_event_period": null, "ldlat_event_period": null, "store_event_period": null, "util_overflow_handler": null, "overflow_handler_ns": null, "util_policy": null, "policy_ns": null, "util_migration": null, "migration_ns": null, "util_perf_prepare": null, "perf_prepare_ns": null, "util_split": null, "split_ns": null, "ptea_scan_ns": 0.0, "ptea_scanned": 0.0, "lru_rotate_ns": 215161960448.0, "demote_ns": 0.0, "hint_fault_ns": 0.0, "promote_ns": 7882703.0, "sampling_ns": 162895047696.0, "ptext_ns": 133096990469.0, "ratio": 3.4434186491780188}, {"Unnamed: 0": 13, "runid": "2024-11-29T03:44:25.946230+08:00", "vmid": 4, "vmnum": 5, "kernel": "5.15.162-memtis+", "design": "Memtis", "balloon": "hagent", "pgmigrate_success": 131229, "folio_exchange_success": null, "folio_exchange_failed": null, "pebs_nr_sampled": 32062640, "pebs_nr_sampled_fmem": 3723880, "pebs_nr_sampled_smem": 28333214, "gups_throughput": null, "gups_elapsed": null, "exit_status": null, "percent_of_cpu": null, "user_time": null, "system_time": null, "gups": null, "xsbench": null, "graph500": 3123.95, "pagerank": null, "liblinear": null, "bwaves": null, "btree": null, "silo": null, "memtis_cpu_usage": 51.0, "dram_ratio_first_gib": null, "dram_ratio_last_gib": null, "l3miss_event_period": null, "ldlat_event_period": null, "store_event_period": null, "util_overflow_handler": null, "overflow_handler_ns": null, "util_policy": null, "policy_ns": null, "util_migration": null, "migration_ns": null, "util_perf_prepare": null, "perf_prepare_ns": null, "util_split": null, "split_ns": null, "ptea_scan_ns": 0.0, "ptea_scanned": 0.0, "lru_rotate_ns": 212515097768.0, "demote_ns": 0.0, "hint_fault_ns": 0.0, "promote_ns": 854134235.0, "sampling_ns": 158768552383.0, "ptext_ns": 130901939546.0, "ratio": 3.437520632056163}, {"Unnamed: 0": 14, "runid": "2024-11-29T04:37:50.251619+08:00", "vmid": 0, "vmnum": 5, "kernel": "5.15.162-nomad+", "design": "Nomad", "balloon": "hagent", "pgmigrate_success": 538982211251, "folio_exchange_success": null, "folio_exchange_failed": null, "pebs_nr_sampled": 0, "pebs_nr_sampled_fmem": 0, "pebs_nr_sampled_smem": 0, "gups_throughput": null, "gups_elapsed": null, "exit_status": null, "percent_of_cpu": null, "user_time": null, "system_time": null, "gups": null, "xsbench": null, "graph500": 1656.15, "pagerank": null, "liblinear": null, "bwaves": null, "btree": null, "silo": null, "memtis_cpu_usage": null, "dram_ratio_first_gib": null, "dram_ratio_last_gib": null, "l3miss_event_period": null, "ldlat_event_period": null, "store_event_period": null, "util_overflow_handler": null, "overflow_handler_ns": null, "util_policy": null, "policy_ns": null, "util_migration": null, "migration_ns": null, "util_perf_prepare": null, "perf_prepare_ns": null, "util_split": null, "split_ns": null, "ptea_scan_ns": 421475104682.0, "ptea_scanned": 1669639933.0, "lru_rotate_ns": 926185258655.0, "demote_ns": 81267150105.0, "hint_fault_ns": 116545614226.0, "promote_ns": 1030210642.0, "sampling_ns": 0.0, "ptext_ns": 0.0, "ratio": 1.8223882567838203}, {"Unnamed: 0": 15, "runid": "2024-11-29T04:37:50.251619+08:00", "vmid": 1, "vmnum": 5, "kernel": "5.15.162-nomad+", "design": "Nomad", "balloon": "hagent", "pgmigrate_success": 518454047306, "folio_exchange_success": null, "folio_exchange_failed": null, "pebs_nr_sampled": 0, "pebs_nr_sampled_fmem": 0, "pebs_nr_sampled_smem": 0, "gups_throughput": null, "gups_elapsed": null, "exit_status": null, "percent_of_cpu": null, "user_time": null, "system_time": null, "gups": null, "xsbench": null, "graph500": 1666.27, "pagerank": null, "liblinear": null, "bwaves": null, "btree": null, "silo": null, "memtis_cpu_usage": null, "dram_ratio_first_gib": null, "dram_ratio_last_gib": null, "l3miss_event_period": null, "ldlat_event_period": null, "store_event_period": null, "util_overflow_handler": null, "overflow_handler_ns": null, "util_policy": null, "policy_ns": null, "util_migration": null, "migration_ns": null, "util_perf_prepare": null, "perf_prepare_ns": null, "util_split": null, "split_ns": null, "ptea_scan_ns": 423816070751.0, "ptea_scanned": 1674610275.0, "lru_rotate_ns": 927332102370.0, "demote_ns": 81364764993.0, "hint_fault_ns": 120429797872.0, "promote_ns": 1108866800.0, "sampling_ns": 0.0, "ptext_ns": 0.0, "ratio": 1.8335240652303089}, {"Unnamed: 0": 16, "runid": "2024-11-29T04:37:50.251619+08:00", "vmid": 2, "vmnum": 5, "kernel": "5.15.162-nomad+", "design": "Nomad", "balloon": "hagent", "pgmigrate_success": 4089124838020, "folio_exchange_success": null, "folio_exchange_failed": null, "pebs_nr_sampled": 0, "pebs_nr_sampled_fmem": 0, "pebs_nr_sampled_smem": 0, "gups_throughput": null, "gups_elapsed": null, "exit_status": null, "percent_of_cpu": null, "user_time": null, "system_time": null, "gups": null, "xsbench": null, "graph500": 1645.59, "pagerank": null, "liblinear": null, "bwaves": null, "btree": null, "silo": null, "memtis_cpu_usage": null, "dram_ratio_first_gib": null, "dram_ratio_last_gib": null, "l3miss_event_period": null, "ldlat_event_period": null, "store_event_period": null, "util_overflow_handler": null, "overflow_handler_ns": null, "util_policy": null, "policy_ns": null, "util_migration": null, "migration_ns": null, "util_perf_prepare": null, "perf_prepare_ns": null, "util_split": null, "split_ns": null, "ptea_scan_ns": 272500006915.0, "ptea_scanned": 1288335626.0, "lru_rotate_ns": 677628542364.0, "demote_ns": 82356040250.0, "hint_fault_ns": 121859611223.0, "promote_ns": 1012702033.0, "sampling_ns": 0.0, "ptext_ns": 0.0, "ratio": 1.8107682827527014}, {"Unnamed: 0": 17, "runid": "2024-11-29T04:37:50.251619+08:00", "vmid": 3, "vmnum": 5, "kernel": "5.15.162-nomad+", "design": "Nomad", "balloon": "hagent", "pgmigrate_success": 506278630248, "folio_exchange_success": null, "folio_exchange_failed": null, "pebs_nr_sampled": 0, "pebs_nr_sampled_fmem": 0, "pebs_nr_sampled_smem": 0, "gups_throughput": null, "gups_elapsed": null, "exit_status": null, "percent_of_cpu": null, "user_time": null, "system_time": null, "gups": null, "xsbench": null, "graph500": 1637.73, "pagerank": null, "liblinear": null, "bwaves": null, "btree": null, "silo": null, "memtis_cpu_usage": null, "dram_ratio_first_gib": null, "dram_ratio_last_gib": null, "l3miss_event_period": null, "ldlat_event_period": null, "store_event_period": null, "util_overflow_handler": null, "overflow_handler_ns": null, "util_policy": null, "policy_ns": null, "util_migration": null, "migration_ns": null, "util_perf_prepare": null, "perf_prepare_ns": null, "util_split": null, "split_ns": null, "ptea_scan_ns": 421496088411.0, "ptea_scanned": 1676903540.0, "lru_rotate_ns": 931166893413.0, "demote_ns": 81828528098.0, "hint_fault_ns": 112049372979.0, "promote_ns": 988981243.0, "sampling_ns": 0.0, "ptext_ns": 0.0, "ratio": 1.8021193248090848}, {"Unnamed: 0": 18, "runid": "2024-11-29T04:37:50.251619+08:00", "vmid": 4, "vmnum": 5, "kernel": "5.15.162-nomad+", "design": "Nomad", "balloon": "hagent", "pgmigrate_success": 12165517410765, "folio_exchange_success": null, "folio_exchange_failed": null, "pebs_nr_sampled": 0, "pebs_nr_sampled_fmem": 0, "pebs_nr_sampled_smem": 0, "gups_throughput": null, "gups_elapsed": null, "exit_status": null, "percent_of_cpu": null, "user_time": null, "system_time": null, "gups": null, "xsbench": null, "graph500": 1635.07, "pagerank": null, "liblinear": null, "bwaves": null, "btree": null, "silo": null, "memtis_cpu_usage": null, "dram_ratio_first_gib": null, "dram_ratio_last_gib": null, "l3miss_event_period": null, "ldlat_event_period": null, "store_event_period": null, "util_overflow_handler": null, "overflow_handler_ns": null, "util_policy": null, "policy_ns": null, "util_migration": null, "migration_ns": null, "util_perf_prepare": null, "perf_prepare_ns": null, "util_split": null, "split_ns": null, "ptea_scan_ns": 257583267637.0, "ptea_scanned": 949215523.0, "lru_rotate_ns": 698325856455.0, "demote_ns": 80800642147.0, "hint_fault_ns": 113345786124.0, "promote_ns": 1016568540.0, "sampling_ns": 0.0, "ptext_ns": 0.0, "ratio": 1.799192323774731}, {"Unnamed: 0": 19, "runid": "2024-11-29T05:06:49.776911+08:00", "vmid": 0, "vmnum": 5, "kernel": "5.15.162-tpp+", "design": "TPP", "balloon": "hagent", "pgmigrate_success": 2970856, "folio_exchange_success": null, "folio_exchange_failed": null, "pebs_nr_sampled": 0, "pebs_nr_sampled_fmem": 0, "pebs_nr_sampled_smem": 0, "gups_throughput": null, "gups_elapsed": null, "exit_status": null, "percent_of_cpu": null, "user_time": null, "system_time": null, "gups": null, "xsbench": null, "graph500": 1167.99, "pagerank": null, "liblinear": null, "bwaves": null, "btree": null, "silo": null, "memtis_cpu_usage": null, "dram_ratio_first_gib": null, "dram_ratio_last_gib": null, "l3miss_event_period": null, "ldlat_event_period": null, "store_event_period": null, "util_overflow_handler": null, "overflow_handler_ns": null, "util_policy": null, "policy_ns": null, "util_migration": null, "migration_ns": null, "util_perf_prepare": null, "perf_prepare_ns": null, "util_split": null, "split_ns": null, "ptea_scan_ns": 12631706400.0, "ptea_scanned": 33777112.0, "lru_rotate_ns": 121173357805.0, "demote_ns": 66922752256.0, "hint_fault_ns": 57263972445.0, "promote_ns": 2595886217.0, "sampling_ns": 0.0, "ptext_ns": 0.0, "ratio": 1.285228548163472}, {"Unnamed: 0": 20, "runid": "2024-11-29T05:06:49.776911+08:00", "vmid": 1, "vmnum": 5, "kernel": "5.15.162-tpp+", "design": "TPP", "balloon": "hagent", "pgmigrate_success": 2985266, "folio_exchange_success": null, "folio_exchange_failed": null, "pebs_nr_sampled": 0, "pebs_nr_sampled_fmem": 0, "pebs_nr_sampled_smem": 0, "gups_throughput": null, "gups_elapsed": null, "exit_status": null, "percent_of_cpu": null, "user_time": null, "system_time": null, "gups": null, "xsbench": null, "graph500": 1163.79, "pagerank": null, "liblinear": null, "bwaves": null, "btree": null, "silo": null, "memtis_cpu_usage": null, "dram_ratio_first_gib": null, "dram_ratio_last_gib": null, "l3miss_event_period": null, "ldlat_event_period": null, "store_event_period": null, "util_overflow_handler": null, "overflow_handler_ns": null, "util_policy": null, "policy_ns": null, "util_migration": null, "migration_ns": null, "util_perf_prepare": null, "perf_prepare_ns": null, "util_split": null, "split_ns": null, "ptea_scan_ns": 14468707782.0, "ptea_scanned": 38921772.0, "lru_rotate_ns": 122349381543.0, "demote_ns": 66172507283.0, "hint_fault_ns": 57059335169.0, "promote_ns": 2491158804.0, "sampling_ns": 0.0, "ptext_ns": 0.0, "ratio": 1.2806069675829133}, {"Unnamed: 0": 21, "runid": "2024-11-29T05:06:49.776911+08:00", "vmid": 2, "vmnum": 5, "kernel": "5.15.162-tpp+", "design": "TPP", "balloon": "hagent", "pgmigrate_success": 2891941, "folio_exchange_success": null, "folio_exchange_failed": null, "pebs_nr_sampled": 0, "pebs_nr_sampled_fmem": 0, "pebs_nr_sampled_smem": 0, "gups_throughput": null, "gups_elapsed": null, "exit_status": null, "percent_of_cpu": null, "user_time": null, "system_time": null, "gups": null, "xsbench": null, "graph500": 1161.3, "pagerank": null, "liblinear": null, "bwaves": null, "btree": null, "silo": null, "memtis_cpu_usage": null, "dram_ratio_first_gib": null, "dram_ratio_last_gib": null, "l3miss_event_period": null, "ldlat_event_period": null, "store_event_period": null, "util_overflow_handler": null, "overflow_handler_ns": null, "util_policy": null, "policy_ns": null, "util_migration": null, "migration_ns": null, "util_perf_prepare": null, "perf_prepare_ns": null, "util_split": null, "split_ns": null, "ptea_scan_ns": 14854087435.0, "ptea_scanned": 38731974.0, "lru_rotate_ns": 119415158445.0, "demote_ns": 63306488079.0, "hint_fault_ns": 57686409704.0, "promote_ns": 2541505451.0, "sampling_ns": 0.0, "ptext_ns": 0.0, "ratio": 1.2778670305244393}, {"Unnamed: 0": 22, "runid": "2024-11-29T05:06:49.776911+08:00", "vmid": 3, "vmnum": 5, "kernel": "5.15.162-tpp+", "design": "TPP", "balloon": "hagent", "pgmigrate_success": 2283861, "folio_exchange_success": null, "folio_exchange_failed": null, "pebs_nr_sampled": 0, "pebs_nr_sampled_fmem": 0, "pebs_nr_sampled_smem": 0, "gups_throughput": null, "gups_elapsed": null, "exit_status": null, "percent_of_cpu": null, "user_time": null, "system_time": null, "gups": null, "xsbench": null, "graph500": 1179.99, "pagerank": null, "liblinear": null, "bwaves": null, "btree": null, "silo": null, "memtis_cpu_usage": null, "dram_ratio_first_gib": null, "dram_ratio_last_gib": null, "l3miss_event_period": null, "ldlat_event_period": null, "store_event_period": null, "util_overflow_handler": null, "overflow_handler_ns": null, "util_policy": null, "policy_ns": null, "util_migration": null, "migration_ns": null, "util_perf_prepare": null, "perf_prepare_ns": null, "util_split": null, "split_ns": null, "ptea_scan_ns": 13741944191.0, "ptea_scanned": 38338903.0, "lru_rotate_ns": 115450084881.0, "demote_ns": 59838258617.0, "hint_fault_ns": 53443356919.0, "promote_ns": 2515231580.0, "sampling_ns": 0.0, "ptext_ns": 0.0, "ratio": 1.298433064107925}, {"Unnamed: 0": 23, "runid": "2024-11-29T05:06:49.776911+08:00", "vmid": 4, "vmnum": 5, "kernel": "5.15.162-tpp+", "design": "TPP", "balloon": "hagent", "pgmigrate_success": 3004208, "folio_exchange_success": null, "folio_exchange_failed": null, "pebs_nr_sampled": 0, "pebs_nr_sampled_fmem": 0, "pebs_nr_sampled_smem": 0, "gups_throughput": null, "gups_elapsed": null, "exit_status": null, "percent_of_cpu": null, "user_time": null, "system_time": null, "gups": null, "xsbench": null, "graph500": 1167.5, "pagerank": null, "liblinear": null, "bwaves": null, "btree": null, "silo": null, "memtis_cpu_usage": null, "dram_ratio_first_gib": null, "dram_ratio_last_gib": null, "l3miss_event_period": null, "ldlat_event_period": null, "store_event_period": null, "util_overflow_handler": null, "overflow_handler_ns": null, "util_policy": null, "policy_ns": null, "util_migration": null, "migration_ns": null, "util_perf_prepare": null, "perf_prepare_ns": null, "util_split": null, "split_ns": null, "ptea_scan_ns": 11731346088.0, "ptea_scanned": 31278856.0, "lru_rotate_ns": 117918259418.0, "demote_ns": 66213178573.0, "hint_fault_ns": 57330579460.0, "promote_ns": 2517056938.0, "sampling_ns": 0.0, "ptext_ns": 0.0, "ratio": 1.2846893637624068}]}}