{"config": {"padding": 2, "font": "Libertinus Serif", "view": {"continuousWidth": 240.0, "continuousHeight": 216, "stroke": "black", "strokeWidth": 1, "spacing": 0}, "mark": {"bar": {}}, "legend": {"gradientStrokeColor": "black", "gradientStrokeWidth": 1, "symbolStrokeColor": "black", "symbolStrokeWidth": 1, "offset": 5, "padding": 0, "columnPadding": 0, "rowPadding": 0, "labelLimit": 50, "titleLimit": 50, "orient": "top", "titleOrient": "left", "titleAnchor": "start", "direction": "horizontal", "title": "", "titleFontSize": 10}, "axis": {"labelFontSize": 10, "titleFontSize": 10, "grid": false, "domainColor": "black", "domainWidth": 1, "tickColor": "black", "tickWidth": 1, "tickSize": 3}, "axisX": {"labelAngle": 0}, "axisY": {"titlePadding": -15}, "facet": {"spacing": 0}, "header": {"titlePadding": 0, "labelPadding": 0}}, "data": {"name": "data-0f169af7e009a1380fa0366e2ffcf2e2"}, "facet": {"field": "design", "header": {"title": null, "titleOrient": "bottom", "labelOrient": "top"}, "type": "nominal"}, "spec": {"layer": [{"mark": {"type": "bar", "stroke": "black", "strokeWidth": 1}, "encoding": {"color": {"field": "vmstat", "legend": {"orient": "right", "titleOrient": "top", "direction": "vertical", "title": "Breakdown", "titleLimit": 80, "labelLimit": 80, "columns": 1}, "sort": ["ptea_scan", "split_lru", "demotion", "promotion", "poll_sample", "histogram", "drain_sample", "segtree", "exchange"], "type": "nominal"}, "detail": {"field": "vmstat", "type": "nominal"}, "text": {"aggregate": "sum", "field": "s", "format": ".0f", "type": "quantitative"}, "x": {"axis": {"titlePadding": 0, "labelAngle": -25}, "field": "stage", "sort": ["Sampling", "Classify", "Migration"], "title": null, "type": "nominal"}, "y": {"aggregate": "sum", "axis": {"format": ".0f"}, "field": "s", "scale": {"domain": [0, 150], "clamp": true}, "stack": "zero", "title": null, "type": "quantitative"}}}, {"mark": {"type": "text", "dx": 0, "dy": -5}, "encoding": {"color": {"field": "vmstat", "legend": {"orient": "right", "titleOrient": "top", "direction": "vertical", "title": "Breakdown", "titleLimit": 80, "labelLimit": 120, "columns": 1}, "sort": ["ptea_scan", "split_lru", "demotion", "promotion", "poll_sample", "histogram", "drain_sample", "segtree", "exchange"], "type": "nominal"}, "detail": {"field": "vmstat", "type": "nominal"}, "text": {"aggregate": "sum", "field": "s", "format": ".0f", "type": "quantitative"}, "x": {"axis": {"titlePadding": 0, "labelAngle": -25}, "field": "stage", "sort": ["Sampling", "Classify", "Migration"], "title": null, "type": "nominal"}, "y": {"aggregate": "sum", "axis": {"format": ".0f"}, "field": "s", "scale": {"domain": [0, 150], "clamp": true}, "stack": "zero", "title": null, "type": "quantitative"}}}], "height": 48.0, "width": 87.27272727272728}, "columns": 2, "$schema": "https://vega.github.io/schema/vega-lite/v5.20.1.json", "datasets": {"data-0f169af7e009a1380fa0366e2ffcf2e2": [{"design": "Memtis", "vmstat": "histogram", "ns": 3659046801.4444447, "stage": "Classify", "s": 3.6590468014444446}, {"design": "HPlacement", "vmstat": "segtree", "ns": 32591641842.333332, "stage": "Classify", "s": 32.59164184233333}, {"design": "Memtis", "vmstat": "split_lru", "ns": 19781841664.88889, "stage": "Classify", "s": 19.78184166488889}, {"design": "Nomad", "vmstat": "split_lru", "ns": 277433586547.6667, "stage": "Classify", "s": 277.43358654766666}, {"design": "TPP", "vmstat": "split_lru", "ns": 80925144770.44444, "stage": "Classify", "s": 80.92514477044445}, {"design": "Nomad", "vmstat": "demotion", "ns": 71563523312.0, "stage": "Migration", "s": 71.563523312}, {"design": "TPP", "vmstat": "demotion", "ns": 54564550523.666664, "stage": "Migration", "s": 54.56455052366666}, {"design": "HPlacement", "vmstat": "exchange", "ns": 12976180968.0, "stage": "Migration", "s": 12.976180968}, {"design": "Memtis", "vmstat": "promotion", "ns": 1599466059.2222223, "stage": "Migration", "s": 1.5994660592222223}, {"design": "Nomad", "vmstat": "promotion", "ns": 9138141381.333334, "stage": "Migration", "s": 9.138141381333334}, {"design": "TPP", "vmstat": "promotion", "ns": 1095858696.7777777, "stage": "Migration", "s": 1.0958586967777777}, {"design": "HPlacement", "vmstat": "drain_sample", "ns": 1902192600.2222223, "stage": "Sampling", "s": 1.9021926002222223}, {"design": "Memtis", "vmstat": "poll_sample", "ns": 58289305078.888885, "stage": "Sampling", "s": 58.28930507888889}, {"design": "Nomad", "vmstat": "ptea_scan", "ns": 464332476782.3333, "stage": "Sampling", "s": 464.3324767823333}, {"design": "TPP", "vmstat": "ptea_scan", "ns": 120826748568.11111, "stage": "Sampling", "s": 120.82674856811111}]}}