{"config": {"padding": 2, "font": "Libertinus Serif", "view": {"continuousWidth": 240.0, "continuousHeight": 216, "stroke": "black", "strokeWidth": 1}, "mark": {"bar": {}}, "legend": {"gradientStrokeColor": "black", "gradientStrokeWidth": 1, "symbolStrokeColor": "black", "symbolStrokeWidth": 1, "offset": 5, "padding": 0, "columnPadding": 0, "rowPadding": 0, "labelLimit": 50, "titleLimit": 50, "orient": "top", "titleOrient": "left", "titleAnchor": "start", "direction": "horizontal", "title": ""}, "axis": {"labelFontSize": 10, "titleFontSize": 10, "grid": false, "domainColor": "black", "domainWidth": 1, "tickColor": "black", "tickWidth": 1, "tickSize": 3}, "axisX": {"labelAngle": 0}, "axisY": {"titlePadding": -15}, "facet": {"spacing": 0}, "header": {"titlePadding": 0, "labelPadding": 0}}, "layer": [{"mark": {"type": "point", "opacity": 0.25}, "encoding": {"color": {"field": "design", "legend": {"symbolOpacity": 1}, "type": "nominal"}, "shape": {"field": "design", "legend": null, "type": "nominal"}, "x": {"field": "time", "title": null, "type": "quantitative"}, "y": {"field": "gups_throughput", "scale": {"domain": [0, 0.03]}, "title": "Instaneous GUPS", "type": "quantitative"}}, "transform": [{"fold": ["HPlacement", "Memtis", "Nomad", "TPP"], "as": ["design", "gups_throughput"]}]}, {"mark": {"type": "line"}, "encoding": {"color": {"field": "design", "legend": {"symbolOpacity": 1}, "type": "nominal"}, "shape": {"field": "design", "legend": null, "type": "nominal"}, "x": {"field": "time", "title": null, "type": "quantitative"}, "y": {"field": "gups_throughput", "scale": {"domain": [0, 0.03]}, "title": "Instaneous GUPS", "type": "quantitative"}}, "transform": [{"fold": ["HPlacement", "Memtis", "Nomad", "TPP"], "as": ["design", "gups_throughput"]}, {"loess": "gups_throughput", "on": "time", "groupby": ["design"]}]}], "data": {"name": "data-5e0a1869735e27a59fb32382ae8f4359"}, "height": 108.0, "$schema": "https://vega.github.io/schema/vega-lite/v5.20.1.json", "datasets": {"data-5e0a1869735e27a59fb32382ae8f4359": [{"time": 0, "HPlacement": 0.004761, "Memtis": 0.001907, "Nomad": 0.001556, "TPP": 0.000614}, {"time": 1, "HPlacement": 0.004723, "Memtis": 0.001507, "Nomad": 0.002224, "TPP": 0.000565}, {"time": 2, "HPlacement": 0.004486, "Memtis": 0.002979, "Nomad": 0.002327, "TPP": 0.000832}, {"time": 3, "HPlacement": 0.004742, "Memtis": 0.004646, "Nomad": 0.002296, "TPP": 0.001472}, {"time": 4, "HPlacement": 0.004665, "Memtis": 0.004467, "Nomad": 0.002415, "TPP": 0.003651}, {"time": 5, "HPlacement": 0.004734, "Memtis": 0.004623, "Nomad": 0.00246, "TPP": 0.005371}, {"time": 6, "HPlacement": 0.004715, "Memtis": 0.004517, "Nomad": 0.003654, "TPP": 0.006123}, {"time": 7, "HPlacement": 0.004662, "Memtis": 0.004654, "Nomad": 0.003807, "TPP": 0.006226}, {"time": 8, "HPlacement": 0.004662, "Memtis": 0.004612, "Nomad": 0.0042, "TPP": 0.006336}, {"time": 9, "HPlacement": 0.004822, "Memtis": 0.005711, "Nomad": 0.004601, "TPP": 0.007339}, {"time": 10, "HPlacement": 0.00433, "Memtis": 0.004436, "Nomad": 0.003567, "TPP": 0.00618}, {"time": 11, "HPlacement": 0.005074, "Memtis": 0.004967, "Nomad": 0.004013, "TPP": 0.006138}, {"time": 12, "HPlacement": 0.001244, "Memtis": 0.001705, "Nomad": 0.003391, "TPP": 0.006126}, {"time": 13, "HPlacement": 0.001331, "Memtis": 0.001301, "Nomad": 0.003975, "TPP": 0.005333}, {"time": 14, "HPlacement": 0.000473, "Memtis": 0.00407, "Nomad": 0.003559, "TPP": 0.006435}, {"time": 15, "HPlacement": 0.000553, "Memtis": 0.004513, "Nomad": 0.003784, "TPP": 0.00703}, {"time": 16, "HPlacement": 0.002842, "Memtis": 0.004463, "Nomad": 0.004105, "TPP": 0.006783}, {"time": 17, "HPlacement": 4e-06, "Memtis": 0.004597, "Nomad": 0.004585, "TPP": 0.006561}, {"time": 18, "HPlacement": 0.003632, "Memtis": 0.00433, "Nomad": 0.00415, "TPP": 0.007061}, {"time": 19, "HPlacement": 0.003242, "Memtis": 0.004433, "Nomad": 0.00563, "TPP": 0.006985}, {"time": 20, "HPlacement": null, "Memtis": 0.004375, "Nomad": 0.004478, "TPP": 0.00695}, {"time": 21, "HPlacement": 0.004772, "Memtis": 0.004467, "Nomad": 0.005505, "TPP": 0.006828}, {"time": 22, "HPlacement": 0.005138, "Memtis": 0.004383, "Nomad": 0.005764, "TPP": 0.007294}, {"time": 23, "HPlacement": 0.006195, "Memtis": 0.004284, "Nomad": 0.005501, "TPP": 0.006355}, {"time": 24, "HPlacement": 0.006054, "Memtis": 0.004436, "Nomad": 0.005524, "TPP": 0.006294}, {"time": 25, "HPlacement": 0.0, "Memtis": 0.004295, "Nomad": 0.005836, "TPP": 0.006706}, {"time": 26, "HPlacement": 0.012707, "Memtis": 0.004631, "Nomad": 0.005257, "TPP": 0.007046}, {"time": 27, "HPlacement": 0.003963, "Memtis": 0.004448, "Nomad": 0.005013, "TPP": 0.007305}, {"time": 28, "HPlacement": 0.013977, "Memtis": 0.004398, "Nomad": 0.005684, "TPP": 0.007408}, {"time": 29, "HPlacement": 0.004078, "Memtis": 0.004425, "Nomad": 0.005974, "TPP": 0.007126}, {"time": 30, "HPlacement": 0.014526, "Memtis": 0.00449, "Nomad": 0.00573, "TPP": 0.008114}, {"time": 31, "HPlacement": 0.015991, "Memtis": 0.004684, "Nomad": 0.005028, "TPP": 0.007393}, {"time": 32, "HPlacement": 0.00518, "Memtis": 0.004414, "Nomad": 0.005806, "TPP": 0.007633}, {"time": 33, "HPlacement": 0.01717, "Memtis": 0.004543, "Nomad": 0.005276, "TPP": 0.007187}, {"time": 34, "HPlacement": 0.014759, "Memtis": 0.004402, "Nomad": 0.006157, "TPP": 0.007935}, {"time": 35, "HPlacement": 0.015316, "Memtis": 0.004555, "Nomad": 0.006031, "TPP": 0.006577}, {"time": 36, "HPlacement": 0.008457, "Memtis": 0.004608, "Nomad": 0.006046, "TPP": 0.006813}, {"time": 37, "HPlacement": 0.019688, "Memtis": 0.004681, "Nomad": 0.006252, "TPP": 0.007313}, {"time": 38, "HPlacement": null, "Memtis": 0.004738, "Nomad": 0.005627, "TPP": 0.007278}, {"time": 39, "HPlacement": 0.019333, "Memtis": 0.004402, "Nomad": 0.005592, "TPP": 0.007648}, {"time": 40, "HPlacement": 0.018379, "Memtis": 0.004612, "Nomad": 0.005989, "TPP": 0.007641}, {"time": 41, "HPlacement": 0.005672, "Memtis": 0.004242, "Nomad": 0.005573, "TPP": 0.007763}, {"time": 42, "HPlacement": 0.014851, "Memtis": 0.004383, "Nomad": 0.006294, "TPP": 0.007298}, {"time": 43, "HPlacement": 0.012676, "Memtis": 0.004486, "Nomad": 0.006683, "TPP": 0.007904}, {"time": 44, "HPlacement": 0.01622, "Memtis": 0.004616, "Nomad": 0.006512, "TPP": 0.007439}, {"time": 45, "HPlacement": 0.014454, "Memtis": 0.004555, "Nomad": 0.005295, "TPP": 0.007286}, {"time": 46, "HPlacement": 0.005302, "Memtis": 0.00452, "Nomad": 0.006443, "TPP": 0.006222}, {"time": 47, "HPlacement": 0.016712, "Memtis": 0.004284, "Nomad": 0.005661, "TPP": 0.00737}, {"time": 48, "HPlacement": null, "Memtis": 0.004333, "Nomad": 0.00573, "TPP": 0.007378}, {"time": 49, "HPlacement": 0.022263, "Memtis": 0.004562, "Nomad": 0.005817, "TPP": 0.008171}, {"time": 50, "HPlacement": 0.022282, "Memtis": 0.004604, "Nomad": 0.005856, "TPP": 0.007618}, {"time": 51, "HPlacement": 0.005581, "Memtis": 0.004509, "Nomad": 0.005943, "TPP": 0.007626}, {"time": 52, "HPlacement": 0.016249, "Memtis": 0.004456, "Nomad": 0.005901, "TPP": 0.007385}, {"time": 53, "HPlacement": 0.012859, "Memtis": 0.004421, "Nomad": 0.005028, "TPP": 0.007229}, {"time": 54, "HPlacement": 0.007156, "Memtis": 0.004436, "Nomad": 0.006237, "TPP": 0.007481}, {"time": 55, "HPlacement": 0.016575, "Memtis": 0.004513, "Nomad": 0.005535, "TPP": 0.007729}, {"time": 56, "HPlacement": 0.014, "Memtis": 0.004475, "Nomad": 0.006218, "TPP": 0.007946}, {"time": 57, "HPlacement": 0.015179, "Memtis": 0.004478, "Nomad": 0.005333, "TPP": 0.006142}, {"time": 58, "HPlacement": 0.008675, "Memtis": 0.004501, "Nomad": 0.006077, "TPP": 0.007359}, {"time": 59, "HPlacement": 0.017715, "Memtis": 0.00441, "Nomad": 0.006157, "TPP": 0.007587}, {"time": 60, "HPlacement": 0.017757, "Memtis": 0.004692, "Nomad": 0.006042, "TPP": 0.007946}, {"time": 61, "HPlacement": 0.016781, "Memtis": 0.004307, "Nomad": 0.006359, "TPP": 0.007858}, {"time": 62, "HPlacement": 0.005939, "Memtis": 0.004517, "Nomad": 0.005482, "TPP": 0.007439}, {"time": 63, "HPlacement": 0.016056, "Memtis": 0.004597, "Nomad": 0.005798, "TPP": 0.007805}, {"time": 64, "HPlacement": 0.015446, "Memtis": 0.004467, "Nomad": 0.006271, "TPP": 0.007282}, {"time": 65, "HPlacement": 0.015312, "Memtis": 0.004513, "Nomad": 0.005089, "TPP": 0.008026}, {"time": 66, "HPlacement": 0.015724, "Memtis": 0.00449, "Nomad": 0.005901, "TPP": 0.006935}, {"time": 67, "HPlacement": 0.009014, "Memtis": 0.004436, "Nomad": 0.006119, "TPP": 0.008583}, {"time": 68, "HPlacement": 0.023701, "Memtis": 0.00433, "Nomad": 0.005215, "TPP": 0.005951}, {"time": 69, "HPlacement": 0.010281, "Memtis": 0.00444, "Nomad": 0.006245, "TPP": 0.007946}, {"time": 70, "HPlacement": 0.012157, "Memtis": 0.004532, "Nomad": 0.006096, "TPP": 0.008038}, {"time": 71, "HPlacement": 0.016857, "Memtis": 0.004566, "Nomad": 0.006401, "TPP": 0.007824}, {"time": 72, "HPlacement": 0.018234, "Memtis": 0.004414, "Nomad": 0.005688, "TPP": 0.007462}, {"time": 73, "HPlacement": 0.015583, "Memtis": 0.004631, "Nomad": 0.006138, "TPP": 0.007587}, {"time": 74, "HPlacement": 0.016388, "Memtis": 0.004387, "Nomad": 0.00552, "TPP": 0.007835}, {"time": 75, "HPlacement": 0.015667, "Memtis": 0.004669, "Nomad": 0.005283, "TPP": 0.007893}, {"time": 76, "HPlacement": 0.021843, "Memtis": 0.004433, "Nomad": 0.005165, "TPP": 0.00806}, {"time": 77, "HPlacement": 0.025223, "Memtis": 0.004498, "Nomad": 0.005081, "TPP": 0.008335}, {"time": 78, "HPlacement": 0.022476, "Memtis": 0.004215, "Nomad": 0.005939, "TPP": 0.007607}, {"time": 79, "HPlacement": null, "Memtis": 0.004444, "Nomad": 0.005993, "TPP": 0.00692}, {"time": 80, "HPlacement": 0.026939, "Memtis": 0.004425, "Nomad": 0.005955, "TPP": 0.007607}, {"time": 81, "HPlacement": 0.02623, "Memtis": 0.004429, "Nomad": 0.005573, "TPP": 0.008278}, {"time": 82, "HPlacement": 0.026402, "Memtis": 0.004616, "Nomad": 0.006317, "TPP": 0.007107}, {"time": 83, "HPlacement": 0.026028, "Memtis": 0.004543, "Nomad": 0.006153, "TPP": 0.007412}, {"time": 84, "HPlacement": 0.025322, "Memtis": 0.004341, "Nomad": 0.006523, "TPP": 0.007854}, {"time": 85, "HPlacement": 0.011055, "Memtis": 0.004364, "Nomad": 0.006104, "TPP": 0.00774}, {"time": 86, "HPlacement": 0.026604, "Memtis": 0.004501, "Nomad": 0.005909, "TPP": 0.00798}, {"time": 87, "HPlacement": 0.026802, "Memtis": 0.004353, "Nomad": 0.006737, "TPP": 0.008186}, {"time": 88, "HPlacement": 0.026287, "Memtis": 0.004341, "Nomad": 0.00605, "TPP": 0.008766}, {"time": 89, "HPlacement": 0.025745, "Memtis": 0.00449, "Nomad": 0.006298, "TPP": 0.007214}, {"time": 90, "HPlacement": 0.016933, "Memtis": 0.00433, "Nomad": 0.005707, "TPP": 0.006504}, {"time": 91, "HPlacement": 0.016766, "Memtis": 0.004452, "Nomad": 0.005848, "TPP": 0.007782}, {"time": 92, "HPlacement": 0.016594, "Memtis": 0.004642, "Nomad": 0.00528, "TPP": 0.008183}, {"time": 93, "HPlacement": 0.01733, "Memtis": 0.004646, "Nomad": 0.005806, "TPP": 0.007675}, {"time": 94, "HPlacement": 0.017429, "Memtis": 0.004261, "Nomad": 0.005939, "TPP": 0.007423}, {"time": 95, "HPlacement": 0.016319, "Memtis": 0.004478, "Nomad": 0.006104, "TPP": 0.008003}, {"time": 96, "HPlacement": 0.025085, "Memtis": 0.004589, "Nomad": 0.006649, "TPP": 0.007591}, {"time": 97, "HPlacement": 0.026482, "Memtis": 0.004581, "Nomad": 0.00626, "TPP": 0.007435}, {"time": 98, "HPlacement": 0.026245, "Memtis": 0.004513, "Nomad": 0.00613, "TPP": 0.008141}, {"time": 99, "HPlacement": 0.023941, "Memtis": 0.00425, "Nomad": 0.006634, "TPP": 0.008919}, {"time": 100, "HPlacement": 0.016808, "Memtis": 0.00452, "Nomad": 0.006317, "TPP": 0.007484}, {"time": 101, "HPlacement": 0.016384, "Memtis": 0.004623, "Nomad": 0.006187, "TPP": 0.00771}, {"time": 102, "HPlacement": 0.016544, "Memtis": 0.004349, "Nomad": 0.005802, "TPP": 0.009071}, {"time": 103, "HPlacement": 0.015659, "Memtis": 0.004539, "Nomad": 0.006828, "TPP": 0.007793}, {"time": 104, "HPlacement": 0.016792, "Memtis": 0.004402, "Nomad": 0.00565, "TPP": 0.009048}, {"time": 105, "HPlacement": 0.016808, "Memtis": 0.004513, "Nomad": 0.006607, "TPP": 0.007641}, {"time": 106, "HPlacement": 0.025291, "Memtis": 0.004456, "Nomad": 0.00634, "TPP": 0.007626}, {"time": 107, "HPlacement": 0.026436, "Memtis": 0.004372, "Nomad": 0.0065, "TPP": 0.008339}, {"time": 108, "HPlacement": 0.026417, "Memtis": 0.004616, "Nomad": 0.006104, "TPP": 0.008141}, {"time": 109, "HPlacement": 0.025677, "Memtis": 0.004463, "Nomad": 0.006409, "TPP": 0.007526}, {"time": 110, "HPlacement": 0.016994, "Memtis": 0.004227, "Nomad": 0.005939, "TPP": 0.008156}, {"time": 111, "HPlacement": 0.017353, "Memtis": 0.004684, "Nomad": 0.005672, "TPP": 0.006126}, {"time": 112, "HPlacement": 0.016575, "Memtis": 0.004578, "Nomad": 0.006058, "TPP": 0.004871}, {"time": 113, "HPlacement": 0.016678, "Memtis": 0.004303, "Nomad": 0.006073, "TPP": 0.007648}, {"time": 114, "HPlacement": 0.018135, "Memtis": 0.00441, "Nomad": 0.007202, "TPP": 0.007618}, {"time": 115, "HPlacement": 0.017117, "Memtis": 0.004326, "Nomad": 0.007149, "TPP": 0.008179}, {"time": 116, "HPlacement": 0.024719, "Memtis": 0.004345, "Nomad": 0.00703, "TPP": 0.006851}, {"time": 117, "HPlacement": 0.025902, "Memtis": 0.004436, "Nomad": 0.006836, "TPP": 0.004719}, {"time": 118, "HPlacement": 0.026385, "Memtis": 0.00465, "Nomad": 0.006664, "TPP": 0.004456}, {"time": 119, "HPlacement": 0.026779, "Memtis": 0.004337, "Nomad": 0.006607, "TPP": 0.00515}, {"time": 120, "HPlacement": 0.026299, "Memtis": 0.004257, "Nomad": 0.006203, "TPP": 0.009396}, {"time": 121, "HPlacement": 0.026775, "Memtis": 0.004898, "Nomad": 0.006302, "TPP": 0.008884}, {"time": 122, "HPlacement": 0.026443, "Memtis": 0.004292, "Nomad": 0.006023, "TPP": 0.008827}, {"time": 123, "HPlacement": 0.026485, "Memtis": 0.004307, "Nomad": 0.00626, "TPP": 0.008255}, {"time": 124, "HPlacement": 0.026627, "Memtis": 0.004337, "Nomad": 0.005798, "TPP": 0.011402}, {"time": 125, "HPlacement": 0.02634, "Memtis": 0.004459, "Nomad": 0.006691, "TPP": 0.011997}, {"time": 126, "HPlacement": 0.010056, "Memtis": 0.004429, "Nomad": 0.007111, "TPP": 0.013309}, {"time": 127, "HPlacement": 0.025715, "Memtis": 0.004505, "Nomad": 0.006523, "TPP": 0.007828}, {"time": 128, "HPlacement": 0.025818, "Memtis": 0.004223, "Nomad": 0.005978, "TPP": 0.007362}, {"time": 129, "HPlacement": 0.016068, "Memtis": 0.004482, "Nomad": 0.006435, "TPP": 0.007717}, {"time": 130, "HPlacement": 0.015846, "Memtis": 0.004574, "Nomad": 0.006302, "TPP": 0.007015}, {"time": 131, "HPlacement": 0.016396, "Memtis": 0.004353, "Nomad": 0.006588, "TPP": 0.007877}, {"time": 132, "HPlacement": 0.016571, "Memtis": 0.004463, "Nomad": 0.007137, "TPP": 0.007214}, {"time": 133, "HPlacement": 0.016159, "Memtis": 0.004337, "Nomad": 0.006336, "TPP": 0.007015}, {"time": 134, "HPlacement": 0.016109, "Memtis": 0.00452, "Nomad": 0.006748, "TPP": 0.00568}, {"time": 135, "HPlacement": 0.024654, "Memtis": 0.004463, "Nomad": 0.005878, "TPP": 0.007469}, {"time": 136, "HPlacement": 0.026665, "Memtis": 0.004616, "Nomad": 0.007095, "TPP": 0.007584}, {"time": 137, "HPlacement": 0.026485, "Memtis": 0.004581, "Nomad": 0.006973, "TPP": 0.008186}, {"time": 138, "HPlacement": 0.026295, "Memtis": 0.004322, "Nomad": 0.006897, "TPP": 0.007801}, {"time": 139, "HPlacement": 0.016747, "Memtis": 0.004303, "Nomad": 0.007427, "TPP": 0.007584}, {"time": 140, "HPlacement": 0.016167, "Memtis": 0.004429, "Nomad": 0.006817, "TPP": 0.007523}, {"time": 141, "HPlacement": 0.016071, "Memtis": 0.004425, "Nomad": 0.006508, "TPP": 0.008282}, {"time": 142, "HPlacement": 0.016014, "Memtis": 0.004459, "Nomad": 0.006866, "TPP": 0.007519}, {"time": 143, "HPlacement": 0.01688, "Memtis": 0.004539, "Nomad": 0.007198, "TPP": 0.008804}, {"time": 144, "HPlacement": 0.016628, "Memtis": 0.004421, "Nomad": 0.005966, "TPP": 0.008125}, {"time": 145, "HPlacement": 0.023041, "Memtis": 0.004684, "Nomad": 0.007668, "TPP": 0.005394}, {"time": 146, "HPlacement": 0.026642, "Memtis": 0.004539, "Nomad": 0.006672, "TPP": 0.007019}, {"time": 147, "HPlacement": 0.026672, "Memtis": 0.004654, "Nomad": 0.006531, "TPP": 0.008461}, {"time": 148, "HPlacement": 0.026276, "Memtis": 0.004517, "Nomad": 0.005909, "TPP": 0.008251}, {"time": 149, "HPlacement": 0.017113, "Memtis": 0.004467, "Nomad": 0.005562, "TPP": 0.007263}, {"time": 150, "HPlacement": 0.016056, "Memtis": 0.004364, "Nomad": 0.004993, "TPP": 0.007389}, {"time": 151, "HPlacement": 0.015335, "Memtis": 0.004421, "Nomad": 0.005093, "TPP": 0.008251}, {"time": 152, "HPlacement": 0.016487, "Memtis": 0.004539, "Nomad": 0.006393, "TPP": 0.007595}, {"time": 153, "HPlacement": 0.016788, "Memtis": 0.004452, "Nomad": 0.007484, "TPP": 0.007156}, {"time": 154, "HPlacement": 0.016724, "Memtis": 0.004505, "Nomad": 0.007893, "TPP": 0.007473}, {"time": 155, "HPlacement": 0.023731, "Memtis": 0.004654, "Nomad": 0.008644, "TPP": 0.008419}, {"time": 156, "HPlacement": 0.026325, "Memtis": 0.004414, "Nomad": 0.005672, "TPP": 0.004738}, {"time": 157, "HPlacement": 0.026104, "Memtis": 0.004498, "Nomad": 0.006634, "TPP": 0.004799}, {"time": 158, "HPlacement": null, "Memtis": 0.004547, "Nomad": 0.00663, "TPP": 0.007263}, {"time": 159, "HPlacement": null, "Memtis": 0.004417, "Nomad": 0.006874, "TPP": 0.006851}, {"time": 160, "HPlacement": null, "Memtis": 0.00441, "Nomad": 0.006767, "TPP": 0.007114}, {"time": 161, "HPlacement": null, "Memtis": 0.004436, "Nomad": 0.005787, "TPP": 0.006687}, {"time": 162, "HPlacement": null, "Memtis": 0.004353, "Nomad": 0.006153, "TPP": 0.007294}, {"time": 163, "HPlacement": null, "Memtis": 0.004475, "Nomad": 0.005833, "TPP": 0.007771}, {"time": 164, "HPlacement": null, "Memtis": 0.004528, "Nomad": 0.006603, "TPP": 0.007896}, {"time": 165, "HPlacement": null, "Memtis": 0.004574, "Nomad": 0.006466, "TPP": 0.007629}, {"time": 166, "HPlacement": null, "Memtis": 0.004173, "Nomad": 0.006989, "TPP": 0.008236}, {"time": 167, "HPlacement": null, "Memtis": 0.004406, "Nomad": 0.006458, "TPP": 0.00753}, {"time": 168, "HPlacement": null, "Memtis": 0.004387, "Nomad": 0.006638, "TPP": 0.00618}, {"time": 169, "HPlacement": null, "Memtis": 0.004383, "Nomad": 0.007324, "TPP": 0.008045}, {"time": 170, "HPlacement": null, "Memtis": 0.00441, "Nomad": 0.006615, "TPP": 0.008026}, {"time": 171, "HPlacement": null, "Memtis": 0.004486, "Nomad": 0.006516, "TPP": 0.007973}, {"time": 172, "HPlacement": null, "Memtis": 0.004536, "Nomad": 0.005272, "TPP": 0.008072}, {"time": 173, "HPlacement": null, "Memtis": 0.004242, "Nomad": 0.006332, "TPP": 0.008312}, {"time": 174, "HPlacement": null, "Memtis": 0.00433, "Nomad": 0.005779, "TPP": 0.00864}, {"time": 175, "HPlacement": null, "Memtis": 0.004414, "Nomad": 0.005108, "TPP": 0.008381}, {"time": 176, "HPlacement": null, "Memtis": 0.004448, "Nomad": 0.005394, "TPP": 0.008259}, {"time": 177, "HPlacement": null, "Memtis": 0.004707, "Nomad": 0.005974, "TPP": 0.007725}, {"time": 178, "HPlacement": null, "Memtis": 0.004581, "Nomad": 0.005985, "TPP": 0.007927}, {"time": 179, "HPlacement": null, "Memtis": 0.004524, "Nomad": 0.005272, "TPP": 0.006226}, {"time": 180, "HPlacement": null, "Memtis": 0.004364, "Nomad": 0.005596, "TPP": 0.006058}, {"time": 181, "HPlacement": null, "Memtis": 0.004547, "Nomad": 0.005894, "TPP": 0.008194}, {"time": 182, "HPlacement": null, "Memtis": 0.00457, "Nomad": 0.005863, "TPP": 0.007587}, {"time": 183, "HPlacement": null, "Memtis": 0.004578, "Nomad": 0.006031, "TPP": 0.007191}, {"time": 184, "HPlacement": null, "Memtis": 0.004242, "Nomad": 0.004948, "TPP": 0.008179}, {"time": 185, "HPlacement": null, "Memtis": 0.004246, "Nomad": 0.005497, "TPP": 0.008987}, {"time": 186, "HPlacement": null, "Memtis": 0.004868, "Nomad": 0.006126, "TPP": 0.00806}, {"time": 187, "HPlacement": null, "Memtis": 0.003937, "Nomad": 0.006821, "TPP": 0.008232}, {"time": 188, "HPlacement": null, "Memtis": 0.004116, "Nomad": 0.005569, "TPP": 0.008427}, {"time": 189, "HPlacement": null, "Memtis": 0.003757, "Nomad": 0.005978, "TPP": 0.008041}, {"time": 190, "HPlacement": null, "Memtis": 0.003231, "Nomad": 0.005791, "TPP": 0.007465}, {"time": 191, "HPlacement": null, "Memtis": 0.003201, "Nomad": 0.006329, "TPP": 0.005913}, {"time": 192, "HPlacement": null, "Memtis": 0.003128, "Nomad": 0.006313, "TPP": 0.008423}, {"time": 193, "HPlacement": null, "Memtis": 0.003319, "Nomad": 0.006084, "TPP": 0.007713}, {"time": 194, "HPlacement": null, "Memtis": 0.003338, "Nomad": 0.005833, "TPP": 0.008469}, {"time": 195, "HPlacement": null, "Memtis": 0.003368, "Nomad": 0.006355, "TPP": 0.008404}, {"time": 196, "HPlacement": null, "Memtis": 0.004318, "Nomad": 0.005711, "TPP": 0.008434}, {"time": 197, "HPlacement": null, "Memtis": 0.004513, "Nomad": 0.00589, "TPP": 0.008507}, {"time": 198, "HPlacement": null, "Memtis": 0.004906, "Nomad": 0.006714, "TPP": 0.008194}, {"time": 199, "HPlacement": null, "Memtis": 0.004795, "Nomad": 0.006195, "TPP": 0.007534}, {"time": 200, "HPlacement": null, "Memtis": 0.003529, "Nomad": 0.005745, "TPP": 0.007885}, {"time": 201, "HPlacement": null, "Memtis": 0.00338, "Nomad": 0.005829, "TPP": 0.00798}, {"time": 202, "HPlacement": null, "Memtis": 0.003391, "Nomad": 0.006424, "TPP": 0.00642}, {"time": 203, "HPlacement": null, "Memtis": 0.003471, "Nomad": 0.006153, "TPP": 0.005962}, {"time": 204, "HPlacement": null, "Memtis": 0.00322, "Nomad": 0.006466, "TPP": 0.008057}, {"time": 205, "HPlacement": null, "Memtis": 0.003178, "Nomad": 0.006027, "TPP": 0.007458}, {"time": 206, "HPlacement": null, "Memtis": 0.003105, "Nomad": 0.006615, "TPP": 0.006618}, {"time": 207, "HPlacement": null, "Memtis": 0.00333, "Nomad": 0.006462, "TPP": 0.00742}, {"time": 208, "HPlacement": null, "Memtis": 0.003414, "Nomad": 0.005463, "TPP": 0.007931}, {"time": 209, "HPlacement": null, "Memtis": 0.003147, "Nomad": 0.006256, "TPP": 0.007858}, {"time": 210, "HPlacement": null, "Memtis": 0.002972, "Nomad": 0.006573, "TPP": 0.007507}, {"time": 211, "HPlacement": null, "Memtis": 0.00296, "Nomad": 0.005524, "TPP": 0.007366}, {"time": 212, "HPlacement": null, "Memtis": 0.004505, "Nomad": 0.005882, "TPP": 0.008049}, {"time": 213, "HPlacement": null, "Memtis": 0.004658, "Nomad": 0.006664, "TPP": 0.007256}, {"time": 214, "HPlacement": null, "Memtis": 0.004536, "Nomad": 0.005825, "TPP": 0.005795}, {"time": 215, "HPlacement": null, "Memtis": 0.004356, "Nomad": 0.005814, "TPP": 0.007122}, {"time": 216, "HPlacement": null, "Memtis": 0.004326, "Nomad": 0.006241, "TPP": 0.008942}, {"time": 217, "HPlacement": null, "Memtis": 0.004089, "Nomad": 0.006031, "TPP": 0.008144}, {"time": 218, "HPlacement": null, "Memtis": 0.00465, "Nomad": 0.006786, "TPP": 0.007553}, {"time": 219, "HPlacement": null, "Memtis": 0.004425, "Nomad": 0.006718, "TPP": 0.007736}, {"time": 220, "HPlacement": null, "Memtis": 0.004433, "Nomad": 0.006306, "TPP": 0.00769}, {"time": 221, "HPlacement": null, "Memtis": 0.004353, "Nomad": 0.006039, "TPP": 0.007618}, {"time": 222, "HPlacement": null, "Memtis": 0.004585, "Nomad": 0.007359, "TPP": 0.007423}, {"time": 223, "HPlacement": null, "Memtis": 0.004593, "Nomad": 0.006767, "TPP": 0.00742}, {"time": 224, "HPlacement": null, "Memtis": 0.004704, "Nomad": 0.006012, "TPP": 0.007206}, {"time": 225, "HPlacement": null, "Memtis": 0.004543, "Nomad": 0.006737, "TPP": 0.009012}, {"time": 226, "HPlacement": null, "Memtis": 0.004612, "Nomad": 0.006256, "TPP": null}, {"time": 227, "HPlacement": null, "Memtis": 0.004578, "Nomad": 0.007805, "TPP": 0.006348}, {"time": 228, "HPlacement": null, "Memtis": 0.004471, "Nomad": 0.006954, "TPP": 0.007988}, {"time": 229, "HPlacement": null, "Memtis": 0.004349, "Nomad": 0.006805, "TPP": 0.006706}, {"time": 230, "HPlacement": null, "Memtis": 0.004509, "Nomad": 0.006626, "TPP": 0.006245}, {"time": 231, "HPlacement": null, "Memtis": 0.00441, "Nomad": 0.00687, "TPP": 0.007801}, {"time": 232, "HPlacement": null, "Memtis": 0.004562, "Nomad": 0.007175, "TPP": 0.007393}, {"time": 233, "HPlacement": null, "Memtis": 0.004536, "Nomad": 0.007263, "TPP": 0.007725}, {"time": 234, "HPlacement": null, "Memtis": 0.00465, "Nomad": 0.006794, "TPP": 0.007408}, {"time": 235, "HPlacement": null, "Memtis": 0.004383, "Nomad": 0.007698, "TPP": 0.007687}, {"time": 236, "HPlacement": null, "Memtis": 0.004429, "Nomad": 0.007423, "TPP": 0.008301}, {"time": 237, "HPlacement": null, "Memtis": 0.004417, "Nomad": 0.007015, "TPP": 0.006958}, {"time": 238, "HPlacement": null, "Memtis": null, "Nomad": 0.006668, "TPP": 0.00576}, {"time": 239, "HPlacement": null, "Memtis": 0.004078, "Nomad": 0.006397, "TPP": 0.007469}, {"time": 240, "HPlacement": null, "Memtis": 0.003803, "Nomad": 0.007088, "TPP": 0.007809}, {"time": 241, "HPlacement": null, "Memtis": 0.00325, "Nomad": 0.007549, "TPP": 0.007523}, {"time": 242, "HPlacement": null, "Memtis": 0.003395, "Nomad": 0.005962, "TPP": 0.007523}, {"time": 243, "HPlacement": null, "Memtis": 0.003445, "Nomad": 0.006748, "TPP": 0.007084}, {"time": 244, "HPlacement": null, "Memtis": 0.003452, "Nomad": 0.007786, "TPP": 0.007977}, {"time": 245, "HPlacement": null, "Memtis": 0.00367, "Nomad": 0.007061, "TPP": 0.007336}, {"time": 246, "HPlacement": null, "Memtis": 0.003906, "Nomad": 0.006516, "TPP": 0.00758}, {"time": 247, "HPlacement": null, "Memtis": 0.004021, "Nomad": 0.00758, "TPP": 0.007618}, {"time": 248, "HPlacement": null, "Memtis": 0.004223, "Nomad": 0.006115, "TPP": 0.007603}, {"time": 249, "HPlacement": null, "Memtis": 0.004223, "Nomad": 0.007633, "TPP": 0.005947}, {"time": 250, "HPlacement": null, "Memtis": 0.004337, "Nomad": 0.007198, "TPP": 0.008759}, {"time": 251, "HPlacement": null, "Memtis": 0.004326, "Nomad": 0.00843, "TPP": 0.007915}, {"time": 252, "HPlacement": null, "Memtis": 0.004093, "Nomad": 0.007141, "TPP": 0.008419}, {"time": 253, "HPlacement": null, "Memtis": 0.004028, "Nomad": 0.008831, "TPP": 0.007977}, {"time": 254, "HPlacement": null, "Memtis": 0.003952, "Nomad": 0.007782, "TPP": 0.008377}, {"time": 255, "HPlacement": null, "Memtis": 0.003956, "Nomad": 0.007626, "TPP": 0.007641}, {"time": 256, "HPlacement": null, "Memtis": 0.004002, "Nomad": 0.008366, "TPP": 0.007732}, {"time": 257, "HPlacement": null, "Memtis": 0.004086, "Nomad": 0.007137, "TPP": 0.007305}, {"time": 258, "HPlacement": null, "Memtis": 0.003834, "Nomad": 0.006741, "TPP": 0.007755}, {"time": 259, "HPlacement": null, "Memtis": 0.003952, "Nomad": 0.006504, "TPP": 0.007347}, {"time": 260, "HPlacement": null, "Memtis": 0.003834, "Nomad": 0.006046, "TPP": 0.005772}, {"time": 261, "HPlacement": null, "Memtis": 0.004055, "Nomad": 0.006584, "TPP": 0.006821}, {"time": 262, "HPlacement": null, "Memtis": 0.004238, "Nomad": 0.006687, "TPP": 0.00779}, {"time": 263, "HPlacement": null, "Memtis": 0.004253, "Nomad": 0.007069, "TPP": 0.007412}, {"time": 264, "HPlacement": null, "Memtis": 0.00412, "Nomad": 0.006382, "TPP": 0.007542}, {"time": 265, "HPlacement": null, "Memtis": 0.004078, "Nomad": 0.006119, "TPP": 0.009167}, {"time": 266, "HPlacement": null, "Memtis": 0.004139, "Nomad": 0.00695, "TPP": 0.008114}, {"time": 267, "HPlacement": null, "Memtis": 0.004013, "Nomad": 0.007355, "TPP": 0.006863}, {"time": 268, "HPlacement": null, "Memtis": 0.003693, "Nomad": 0.006981, "TPP": 0.006844}, {"time": 269, "HPlacement": null, "Memtis": 0.004017, "Nomad": 0.006901, "TPP": 0.006565}, {"time": 270, "HPlacement": null, "Memtis": 0.00412, "Nomad": 0.007446, "TPP": 0.006359}, {"time": 271, "HPlacement": null, "Memtis": 0.004059, "Nomad": 0.006016, "TPP": 0.00602}, {"time": 272, "HPlacement": null, "Memtis": 0.004196, "Nomad": 0.006287, "TPP": 0.004738}, {"time": 273, "HPlacement": null, "Memtis": 0.004387, "Nomad": 0.005825, "TPP": 0.004326}, {"time": 274, "HPlacement": null, "Memtis": 0.004227, "Nomad": 0.005419, "TPP": 0.004967}, {"time": 275, "HPlacement": null, "Memtis": 0.004223, "Nomad": 0.005512, "TPP": 0.008007}, {"time": 276, "HPlacement": null, "Memtis": 0.004757, "Nomad": 0.005657, "TPP": 0.008617}, {"time": 277, "HPlacement": null, "Memtis": 0.004066, "Nomad": 0.005592, "TPP": 0.008327}, {"time": 278, "HPlacement": null, "Memtis": 0.004223, "Nomad": 0.005707, "TPP": 0.008579}, {"time": 279, "HPlacement": null, "Memtis": 0.004372, "Nomad": 0.005943, "TPP": 0.008736}, {"time": 280, "HPlacement": null, "Memtis": 0.004318, "Nomad": 0.005402, "TPP": 0.007648}, {"time": 281, "HPlacement": null, "Memtis": 0.00425, "Nomad": 0.005169, "TPP": 0.006767}, {"time": 282, "HPlacement": null, "Memtis": 0.004375, "Nomad": 0.008514, "TPP": 0.007244}, {"time": 283, "HPlacement": null, "Memtis": 0.003914, "Nomad": 0.010639, "TPP": 0.006821}, {"time": 284, "HPlacement": null, "Memtis": 0.004101, "Nomad": 0.011089, "TPP": 0.007765}, {"time": 285, "HPlacement": null, "Memtis": 0.003597, "Nomad": 0.006245, "TPP": 0.005894}, {"time": 286, "HPlacement": null, "Memtis": 0.003666, "Nomad": 0.006699, "TPP": 0.007511}, {"time": 287, "HPlacement": null, "Memtis": 0.003819, "Nomad": 0.006535, "TPP": 0.007233}, {"time": 288, "HPlacement": null, "Memtis": 0.003597, "Nomad": 0.00629, "TPP": 0.007572}, {"time": 289, "HPlacement": null, "Memtis": 0.003654, "Nomad": 0.006432, "TPP": 0.007668}, {"time": 290, "HPlacement": null, "Memtis": 0.004185, "Nomad": 0.006664, "TPP": 0.007481}, {"time": 291, "HPlacement": null, "Memtis": 0.004154, "Nomad": 0.006966, "TPP": 0.006729}, {"time": 292, "HPlacement": null, "Memtis": 0.004234, "Nomad": 0.006565, "TPP": 0.007217}, {"time": 293, "HPlacement": null, "Memtis": 0.00423, "Nomad": 0.006371, "TPP": 0.006794}, {"time": 294, "HPlacement": null, "Memtis": 0.004078, "Nomad": 0.005959, "TPP": 0.0075}, {"time": 295, "HPlacement": null, "Memtis": 0.004009, "Nomad": 0.006687, "TPP": 0.007362}, {"time": 296, "HPlacement": null, "Memtis": 0.004086, "Nomad": 0.00687, "TPP": 0.006302}, {"time": 297, "HPlacement": null, "Memtis": 0.004097, "Nomad": 0.005878, "TPP": 0.005119}, {"time": 298, "HPlacement": null, "Memtis": 0.00412, "Nomad": 0.006496, "TPP": 0.007088}, {"time": 299, "HPlacement": null, "Memtis": 0.004169, "Nomad": 0.006626, "TPP": 0.008232}, {"time": 300, "HPlacement": null, "Memtis": 0.004406, "Nomad": 0.00679, "TPP": 0.007828}, {"time": 301, "HPlacement": null, "Memtis": 0.004097, "Nomad": 0.00663, "TPP": 0.007488}, {"time": 302, "HPlacement": null, "Memtis": 0.003937, "Nomad": 0.007198, "TPP": 0.008221}, {"time": 303, "HPlacement": null, "Memtis": 0.004108, "Nomad": 0.006733, "TPP": 0.006458}, {"time": 304, "HPlacement": null, "Memtis": 0.003853, "Nomad": 0.00679, "TPP": 0.007122}, {"time": 305, "HPlacement": null, "Memtis": 0.003983, "Nomad": 0.006199, "TPP": 0.00713}, {"time": 306, "HPlacement": null, "Memtis": 0.003853, "Nomad": 0.006504, "TPP": 0.007187}, {"time": 307, "HPlacement": null, "Memtis": 0.0037, "Nomad": 0.006161, "TPP": 0.008205}, {"time": 308, "HPlacement": null, "Memtis": 0.00378, "Nomad": 0.006615, "TPP": 0.005169}, {"time": 309, "HPlacement": null, "Memtis": 0.003956, "Nomad": 0.006069, "TPP": 0.004215}, {"time": 310, "HPlacement": null, "Memtis": 0.004192, "Nomad": 0.006039, "TPP": 0.006931}, {"time": 311, "HPlacement": null, "Memtis": 0.004326, "Nomad": 0.007126, "TPP": 0.009495}, {"time": 312, "HPlacement": null, "Memtis": 0.004044, "Nomad": 0.005962, "TPP": 0.009014}, {"time": 313, "HPlacement": null, "Memtis": 0.004391, "Nomad": 0.006794, "TPP": 0.008118}, {"time": 314, "HPlacement": null, "Memtis": 0.004196, "Nomad": 0.006077, "TPP": 0.007755}, {"time": 315, "HPlacement": null, "Memtis": 0.003883, "Nomad": 0.007458, "TPP": 0.007023}, {"time": 316, "HPlacement": null, "Memtis": 0.003811, "Nomad": 0.007309, "TPP": 0.007534}, {"time": 317, "HPlacement": null, "Memtis": 0.00388, "Nomad": 0.006821, "TPP": 0.007107}, {"time": 318, "HPlacement": null, "Memtis": 0.003933, "Nomad": 0.007313, "TPP": 0.007526}, {"time": 319, "HPlacement": null, "Memtis": 0.003647, "Nomad": 0.006649, "TPP": 0.007809}, {"time": 320, "HPlacement": null, "Memtis": 0.003803, "Nomad": 0.008217, "TPP": 0.006165}, {"time": 321, "HPlacement": null, "Memtis": 0.003597, "Nomad": 0.008514, "TPP": 0.005116}, {"time": 322, "HPlacement": null, "Memtis": 0.004074, "Nomad": 0.006985, "TPP": 0.007401}, {"time": 323, "HPlacement": null, "Memtis": 0.004227, "Nomad": 0.007526, "TPP": 0.007668}, {"time": 324, "HPlacement": null, "Memtis": 0.004646, "Nomad": 0.007378, "TPP": 0.008274}, {"time": 325, "HPlacement": null, "Memtis": 0.004379, "Nomad": 0.006763, "TPP": 0.00853}, {"time": 326, "HPlacement": null, "Memtis": 0.004082, "Nomad": 0.006741, "TPP": 0.008266}, {"time": 327, "HPlacement": null, "Memtis": 0.004005, "Nomad": 0.006729, "TPP": 0.007519}, {"time": 328, "HPlacement": null, "Memtis": 0.004135, "Nomad": 0.00769, "TPP": 0.007904}, {"time": 329, "HPlacement": null, "Memtis": 0.003853, "Nomad": 0.007275, "TPP": 0.007019}, {"time": 330, "HPlacement": null, "Memtis": 0.003868, "Nomad": 0.006985, "TPP": 0.006424}, {"time": 331, "HPlacement": null, "Memtis": 0.003845, "Nomad": 0.007038, "TPP": 0.006126}, {"time": 332, "HPlacement": null, "Memtis": 0.004051, "Nomad": 0.007, "TPP": 0.004059}, {"time": 333, "HPlacement": null, "Memtis": 0.003933, "Nomad": 0.008049, "TPP": 0.005672}, {"time": 334, "HPlacement": null, "Memtis": 0.001545, "Nomad": 0.006977, "TPP": 0.006844}, {"time": 335, "HPlacement": null, "Memtis": 0.001156, "Nomad": 0.007015, "TPP": 0.007458}, {"time": 336, "HPlacement": null, "Memtis": 0.001198, "Nomad": 0.00771, "TPP": 0.007977}, {"time": 337, "HPlacement": null, "Memtis": 0.002998, "Nomad": 0.006889, "TPP": 0.007885}, {"time": 338, "HPlacement": null, "Memtis": 0.004154, "Nomad": 0.007496, "TPP": 0.008026}, {"time": 339, "HPlacement": null, "Memtis": 0.0042, "Nomad": 0.007492, "TPP": 0.010498}, {"time": 340, "HPlacement": null, "Memtis": 0.004253, "Nomad": 0.00721, "TPP": 0.013248}, {"time": 341, "HPlacement": null, "Memtis": 0.004074, "Nomad": 0.007355, "TPP": null}, {"time": 342, "HPlacement": null, "Memtis": 0.004154, "Nomad": 0.006805, "TPP": null}, {"time": 343, "HPlacement": null, "Memtis": 0.004051, "Nomad": 0.006477, "TPP": null}, {"time": 344, "HPlacement": null, "Memtis": 0.004025, "Nomad": 0.007927, "TPP": null}, {"time": 345, "HPlacement": null, "Memtis": 0.003876, "Nomad": 0.006866, "TPP": null}, {"time": 346, "HPlacement": null, "Memtis": 0.00396, "Nomad": 0.006603, "TPP": null}, {"time": 347, "HPlacement": null, "Memtis": 0.004101, "Nomad": 0.006424, "TPP": null}, {"time": 348, "HPlacement": null, "Memtis": 0.00396, "Nomad": 0.006908, "TPP": null}, {"time": 349, "HPlacement": null, "Memtis": 0.004078, "Nomad": 0.007904, "TPP": null}, {"time": 350, "HPlacement": null, "Memtis": 0.004078, "Nomad": 0.006969, "TPP": null}, {"time": 351, "HPlacement": null, "Memtis": 0.003662, "Nomad": 0.008476, "TPP": null}, {"time": 352, "HPlacement": null, "Memtis": 0.003754, "Nomad": 0.00639, "TPP": null}, {"time": 353, "HPlacement": null, "Memtis": 0.003803, "Nomad": 0.006371, "TPP": null}, {"time": 354, "HPlacement": null, "Memtis": 0.003918, "Nomad": 0.007786, "TPP": null}, {"time": 355, "HPlacement": null, "Memtis": 0.004116, "Nomad": 0.008007, "TPP": null}, {"time": 356, "HPlacement": null, "Memtis": 0.004402, "Nomad": 0.006512, "TPP": null}, {"time": 357, "HPlacement": null, "Memtis": 0.004307, "Nomad": 0.007809, "TPP": null}, {"time": 358, "HPlacement": null, "Memtis": 0.004005, "Nomad": 0.00745, "TPP": null}, {"time": 359, "HPlacement": null, "Memtis": 0.003937, "Nomad": 0.005867, "TPP": null}, {"time": 360, "HPlacement": null, "Memtis": 0.004078, "Nomad": 0.007084, "TPP": null}, {"time": 361, "HPlacement": null, "Memtis": 0.002876, "Nomad": 0.006813, "TPP": null}, {"time": 362, "HPlacement": null, "Memtis": 0.000893, "Nomad": 0.00621, "TPP": null}, {"time": 363, "HPlacement": null, "Memtis": 0.001095, "Nomad": 0.005745, "TPP": null}, {"time": 364, "HPlacement": null, "Memtis": 0.003204, "Nomad": 0.005405, "TPP": null}, {"time": 365, "HPlacement": null, "Memtis": 0.003773, "Nomad": 0.006008, "TPP": null}, {"time": 366, "HPlacement": null, "Memtis": 0.003975, "Nomad": 0.006237, "TPP": null}, {"time": 367, "HPlacement": null, "Memtis": 0.00378, "Nomad": 0.005703, "TPP": null}, {"time": 368, "HPlacement": null, "Memtis": 0.004154, "Nomad": 0.004818, "TPP": null}, {"time": 369, "HPlacement": null, "Memtis": 0.004047, "Nomad": 0.005047, "TPP": null}, {"time": 370, "HPlacement": null, "Memtis": 0.004242, "Nomad": 0.006401, "TPP": null}, {"time": 371, "HPlacement": null, "Memtis": 0.004139, "Nomad": 0.005463, "TPP": null}, {"time": 372, "HPlacement": null, "Memtis": 0.004162, "Nomad": 0.006088, "TPP": null}, {"time": 373, "HPlacement": null, "Memtis": 0.004169, "Nomad": 0.005024, "TPP": null}, {"time": 374, "HPlacement": null, "Memtis": 0.003868, "Nomad": 0.004982, "TPP": null}, {"time": 375, "HPlacement": null, "Memtis": 0.003811, "Nomad": 0.004719, "TPP": null}, {"time": 376, "HPlacement": null, "Memtis": 0.003735, "Nomad": 0.005577, "TPP": null}, {"time": 377, "HPlacement": null, "Memtis": 0.003796, "Nomad": 0.005196, "TPP": null}, {"time": 378, "HPlacement": null, "Memtis": 0.003624, "Nomad": 0.004955, "TPP": null}, {"time": 379, "HPlacement": null, "Memtis": 0.003872, "Nomad": 0.005886, "TPP": null}, {"time": 380, "HPlacement": null, "Memtis": 0.004471, "Nomad": 0.005219, "TPP": null}, {"time": 381, "HPlacement": null, "Memtis": 0.004311, "Nomad": 0.005421, "TPP": null}, {"time": 382, "HPlacement": null, "Memtis": 0.004143, "Nomad": 0.004524, "TPP": null}, {"time": 383, "HPlacement": null, "Memtis": 0.003986, "Nomad": 0.005413, "TPP": null}, {"time": 384, "HPlacement": null, "Memtis": 0.00425, "Nomad": 0.005402, "TPP": null}, {"time": 385, "HPlacement": null, "Memtis": 0.003948, "Nomad": 0.005341, "TPP": null}, {"time": 386, "HPlacement": null, "Memtis": 0.004002, "Nomad": 0.004894, "TPP": null}, {"time": 387, "HPlacement": null, "Memtis": 0.003719, "Nomad": 0.005203, "TPP": null}, {"time": 388, "HPlacement": null, "Memtis": 0.003838, "Nomad": 0.00547, "TPP": null}, {"time": 389, "HPlacement": null, "Memtis": 0.003963, "Nomad": 0.005077, "TPP": null}, {"time": 390, "HPlacement": null, "Memtis": 0.003792, "Nomad": 0.005547, "TPP": null}, {"time": 391, "HPlacement": null, "Memtis": 0.00362, "Nomad": 0.005352, "TPP": null}, {"time": 392, "HPlacement": null, "Memtis": 0.003563, "Nomad": 0.005375, "TPP": null}, {"time": 393, "HPlacement": null, "Memtis": 0.003716, "Nomad": 0.006203, "TPP": null}, {"time": 394, "HPlacement": null, "Memtis": 0.003803, "Nomad": 0.005356, "TPP": null}, {"time": 395, "HPlacement": null, "Memtis": 0.004032, "Nomad": 0.005531, "TPP": null}, {"time": 396, "HPlacement": null, "Memtis": 0.003963, "Nomad": 0.006336, "TPP": null}, {"time": 397, "HPlacement": null, "Memtis": 0.004219, "Nomad": 0.006199, "TPP": null}, {"time": 398, "HPlacement": null, "Memtis": 0.004341, "Nomad": 0.004482, "TPP": null}, {"time": 399, "HPlacement": null, "Memtis": 0.004131, "Nomad": 0.004189, "TPP": null}, {"time": 400, "HPlacement": null, "Memtis": 0.004192, "Nomad": 0.005569, "TPP": null}, {"time": 401, "HPlacement": null, "Memtis": 0.003872, "Nomad": 0.005562, "TPP": null}, {"time": 402, "HPlacement": null, "Memtis": 0.004124, "Nomad": 0.005135, "TPP": null}, {"time": 403, "HPlacement": null, "Memtis": null, "Nomad": 0.003834, "TPP": null}, {"time": 404, "HPlacement": null, "Memtis": 0.003902, "Nomad": 0.003685, "TPP": null}, {"time": 405, "HPlacement": null, "Memtis": 0.004288, "Nomad": 0.003559, "TPP": null}, {"time": 406, "HPlacement": null, "Memtis": 0.004375, "Nomad": null, "TPP": null}, {"time": 407, "HPlacement": null, "Memtis": 0.004414, "Nomad": null, "TPP": null}, {"time": 408, "HPlacement": null, "Memtis": 0.004101, "Nomad": null, "TPP": null}, {"time": 409, "HPlacement": null, "Memtis": 0.003994, "Nomad": null, "TPP": null}, {"time": 410, "HPlacement": null, "Memtis": 0.004303, "Nomad": null, "TPP": null}, {"time": 411, "HPlacement": null, "Memtis": 0.004169, "Nomad": null, "TPP": null}, {"time": 412, "HPlacement": null, "Memtis": 0.004452, "Nomad": null, "TPP": null}, {"time": 413, "HPlacement": null, "Memtis": 0.00449, "Nomad": null, "TPP": null}, {"time": 414, "HPlacement": null, "Memtis": 0.00317, "Nomad": null, "TPP": null}, {"time": 415, "HPlacement": null, "Memtis": 0.003094, "Nomad": null, "TPP": null}, {"time": 416, "HPlacement": null, "Memtis": 0.003151, "Nomad": null, "TPP": null}, {"time": 417, "HPlacement": null, "Memtis": 0.002979, "Nomad": null, "TPP": null}, {"time": 418, "HPlacement": null, "Memtis": 0.002689, "Nomad": null, "TPP": null}, {"time": 419, "HPlacement": null, "Memtis": 0.002724, "Nomad": null, "TPP": null}, {"time": 420, "HPlacement": null, "Memtis": 0.002876, "Nomad": null, "TPP": null}, {"time": 421, "HPlacement": null, "Memtis": 0.00293, "Nomad": null, "TPP": null}, {"time": 422, "HPlacement": null, "Memtis": 0.003036, "Nomad": null, "TPP": null}, {"time": 423, "HPlacement": null, "Memtis": 0.00288, "Nomad": null, "TPP": null}, {"time": 424, "HPlacement": null, "Memtis": 0.002899, "Nomad": null, "TPP": null}, {"time": 425, "HPlacement": null, "Memtis": 0.00275, "Nomad": null, "TPP": null}, {"time": 426, "HPlacement": null, "Memtis": 0.003021, "Nomad": null, "TPP": null}, {"time": 427, "HPlacement": null, "Memtis": 0.004177, "Nomad": null, "TPP": null}, {"time": 428, "HPlacement": null, "Memtis": 0.004051, "Nomad": null, "TPP": null}, {"time": 429, "HPlacement": null, "Memtis": 0.003857, "Nomad": null, "TPP": null}, {"time": 430, "HPlacement": null, "Memtis": 0.003857, "Nomad": null, "TPP": null}, {"time": 431, "HPlacement": null, "Memtis": 0.003754, "Nomad": null, "TPP": null}, {"time": 432, "HPlacement": null, "Memtis": 0.003883, "Nomad": null, "TPP": null}, {"time": 433, "HPlacement": null, "Memtis": 0.003941, "Nomad": null, "TPP": null}, {"time": 434, "HPlacement": null, "Memtis": 0.003857, "Nomad": null, "TPP": null}, {"time": 435, "HPlacement": null, "Memtis": 0.003998, "Nomad": null, "TPP": null}, {"time": 436, "HPlacement": null, "Memtis": 0.003822, "Nomad": null, "TPP": null}, {"time": 437, "HPlacement": null, "Memtis": 0.003838, "Nomad": null, "TPP": null}, {"time": 438, "HPlacement": null, "Memtis": 0.00391, "Nomad": null, "TPP": null}, {"time": 439, "HPlacement": null, "Memtis": 0.003773, "Nomad": null, "TPP": null}, {"time": 440, "HPlacement": null, "Memtis": 0.00396, "Nomad": null, "TPP": null}, {"time": 441, "HPlacement": null, "Memtis": 0.004055, "Nomad": null, "TPP": null}, {"time": 442, "HPlacement": null, "Memtis": 0.004269, "Nomad": null, "TPP": null}, {"time": 443, "HPlacement": null, "Memtis": 0.00425, "Nomad": null, "TPP": null}, {"time": 444, "HPlacement": null, "Memtis": 0.004169, "Nomad": null, "TPP": null}, {"time": 445, "HPlacement": null, "Memtis": 0.004074, "Nomad": null, "TPP": null}, {"time": 446, "HPlacement": null, "Memtis": 0.003971, "Nomad": null, "TPP": null}, {"time": 447, "HPlacement": null, "Memtis": 0.004093, "Nomad": null, "TPP": null}, {"time": 448, "HPlacement": null, "Memtis": 0.00391, "Nomad": null, "TPP": null}, {"time": 449, "HPlacement": null, "Memtis": 0.003986, "Nomad": null, "TPP": null}, {"time": 450, "HPlacement": null, "Memtis": 0.003693, "Nomad": null, "TPP": null}, {"time": 451, "HPlacement": null, "Memtis": 0.003944, "Nomad": null, "TPP": null}, {"time": 452, "HPlacement": null, "Memtis": 0.003986, "Nomad": null, "TPP": null}, {"time": 453, "HPlacement": null, "Memtis": 0.003975, "Nomad": null, "TPP": null}, {"time": 454, "HPlacement": null, "Memtis": 0.00404, "Nomad": null, "TPP": null}, {"time": 455, "HPlacement": null, "Memtis": 0.004261, "Nomad": null, "TPP": null}, {"time": 456, "HPlacement": null, "Memtis": 0.004044, "Nomad": null, "TPP": null}, {"time": 457, "HPlacement": null, "Memtis": 0.003895, "Nomad": null, "TPP": null}, {"time": 458, "HPlacement": null, "Memtis": 0.00407, "Nomad": null, "TPP": null}, {"time": 459, "HPlacement": null, "Memtis": 0.003887, "Nomad": null, "TPP": null}, {"time": 460, "HPlacement": null, "Memtis": 0.004009, "Nomad": null, "TPP": null}, {"time": 461, "HPlacement": null, "Memtis": 0.004105, "Nomad": null, "TPP": null}, {"time": 462, "HPlacement": null, "Memtis": 0.003983, "Nomad": null, "TPP": null}, {"time": 463, "HPlacement": null, "Memtis": 0.003727, "Nomad": null, "TPP": null}, {"time": 464, "HPlacement": null, "Memtis": 0.003986, "Nomad": null, "TPP": null}, {"time": 465, "HPlacement": null, "Memtis": 0.004299, "Nomad": null, "TPP": null}, {"time": 466, "HPlacement": null, "Memtis": 0.004139, "Nomad": null, "TPP": null}, {"time": 467, "HPlacement": null, "Memtis": 0.004101, "Nomad": null, "TPP": null}, {"time": 468, "HPlacement": null, "Memtis": 0.003948, "Nomad": null, "TPP": null}, {"time": 469, "HPlacement": null, "Memtis": 0.004093, "Nomad": null, "TPP": null}, {"time": 470, "HPlacement": null, "Memtis": 0.003933, "Nomad": null, "TPP": null}, {"time": 471, "HPlacement": null, "Memtis": 0.003986, "Nomad": null, "TPP": null}, {"time": 472, "HPlacement": null, "Memtis": 0.004017, "Nomad": null, "TPP": null}, {"time": 473, "HPlacement": null, "Memtis": 0.004047, "Nomad": null, "TPP": null}, {"time": 474, "HPlacement": null, "Memtis": 0.003925, "Nomad": null, "TPP": null}, {"time": 475, "HPlacement": null, "Memtis": 0.00391, "Nomad": null, "TPP": null}, {"time": 476, "HPlacement": null, "Memtis": 0.003933, "Nomad": null, "TPP": null}, {"time": 477, "HPlacement": null, "Memtis": 0.003963, "Nomad": null, "TPP": null}, {"time": 478, "HPlacement": null, "Memtis": 0.004204, "Nomad": null, "TPP": null}, {"time": 479, "HPlacement": null, "Memtis": 0.004154, "Nomad": null, "TPP": null}, {"time": 480, "HPlacement": null, "Memtis": 0.003975, "Nomad": null, "TPP": null}, {"time": 481, "HPlacement": null, "Memtis": 0.004017, "Nomad": null, "TPP": null}, {"time": 482, "HPlacement": null, "Memtis": 0.003887, "Nomad": null, "TPP": null}, {"time": 483, "HPlacement": null, "Memtis": 0.003963, "Nomad": null, "TPP": null}, {"time": 484, "HPlacement": null, "Memtis": 0.003883, "Nomad": null, "TPP": null}, {"time": 485, "HPlacement": null, "Memtis": 0.003704, "Nomad": null, "TPP": null}, {"time": 486, "HPlacement": null, "Memtis": 0.003658, "Nomad": null, "TPP": null}, {"time": 487, "HPlacement": null, "Memtis": 0.003788, "Nomad": null, "TPP": null}, {"time": 488, "HPlacement": null, "Memtis": 0.003941, "Nomad": null, "TPP": null}, {"time": 489, "HPlacement": null, "Memtis": 0.004044, "Nomad": null, "TPP": null}, {"time": 490, "HPlacement": null, "Memtis": 0.003868, "Nomad": null, "TPP": null}, {"time": 491, "HPlacement": null, "Memtis": 0.00375, "Nomad": null, "TPP": null}, {"time": 492, "HPlacement": null, "Memtis": 0.003799, "Nomad": null, "TPP": null}, {"time": 493, "HPlacement": null, "Memtis": 0.003849, "Nomad": null, "TPP": null}, {"time": 494, "HPlacement": null, "Memtis": 0.003994, "Nomad": null, "TPP": null}, {"time": 495, "HPlacement": null, "Memtis": 0.003838, "Nomad": null, "TPP": null}, {"time": 496, "HPlacement": null, "Memtis": 0.003757, "Nomad": null, "TPP": null}, {"time": 497, "HPlacement": null, "Memtis": 0.003963, "Nomad": null, "TPP": null}, {"time": 498, "HPlacement": null, "Memtis": 0.004017, "Nomad": null, "TPP": null}, {"time": 499, "HPlacement": null, "Memtis": 0.004089, "Nomad": null, "TPP": null}, {"time": 500, "HPlacement": null, "Memtis": 0.004116, "Nomad": null, "TPP": null}, {"time": 501, "HPlacement": null, "Memtis": 0.004185, "Nomad": null, "TPP": null}, {"time": 502, "HPlacement": null, "Memtis": 0.004047, "Nomad": null, "TPP": null}, {"time": 503, "HPlacement": null, "Memtis": 0.004112, "Nomad": null, "TPP": null}, {"time": 504, "HPlacement": null, "Memtis": 0.004025, "Nomad": null, "TPP": null}, {"time": 505, "HPlacement": null, "Memtis": 0.004013, "Nomad": null, "TPP": null}, {"time": 506, "HPlacement": null, "Memtis": 0.003967, "Nomad": null, "TPP": null}, {"time": 507, "HPlacement": null, "Memtis": 0.004311, "Nomad": null, "TPP": null}, {"time": 508, "HPlacement": null, "Memtis": 0.004005, "Nomad": null, "TPP": null}, {"time": 509, "HPlacement": null, "Memtis": 0.003849, "Nomad": null, "TPP": null}, {"time": 510, "HPlacement": null, "Memtis": 0.003872, "Nomad": null, "TPP": null}, {"time": 511, "HPlacement": null, "Memtis": 0.003937, "Nomad": null, "TPP": null}, {"time": 512, "HPlacement": null, "Memtis": 0.003998, "Nomad": null, "TPP": null}, {"time": 513, "HPlacement": null, "Memtis": 0.004242, "Nomad": null, "TPP": null}, {"time": 514, "HPlacement": null, "Memtis": 0.003895, "Nomad": null, "TPP": null}, {"time": 515, "HPlacement": null, "Memtis": 0.003754, "Nomad": null, "TPP": null}, {"time": 516, "HPlacement": null, "Memtis": 0.003746, "Nomad": null, "TPP": null}, {"time": 517, "HPlacement": null, "Memtis": 0.003941, "Nomad": null, "TPP": null}, {"time": 518, "HPlacement": null, "Memtis": 0.003899, "Nomad": null, "TPP": null}, {"time": 519, "HPlacement": null, "Memtis": 0.003819, "Nomad": null, "TPP": null}, {"time": 520, "HPlacement": null, "Memtis": 0.003815, "Nomad": null, "TPP": null}, {"time": 521, "HPlacement": null, "Memtis": 0.003937, "Nomad": null, "TPP": null}, {"time": 522, "HPlacement": null, "Memtis": 0.003876, "Nomad": null, "TPP": null}, {"time": 523, "HPlacement": null, "Memtis": 0.003994, "Nomad": null, "TPP": null}, {"time": 524, "HPlacement": null, "Memtis": 0.00396, "Nomad": null, "TPP": null}, {"time": 525, "HPlacement": null, "Memtis": 0.00388, "Nomad": null, "TPP": null}, {"time": 526, "HPlacement": null, "Memtis": 0.003891, "Nomad": null, "TPP": null}, {"time": 527, "HPlacement": null, "Memtis": 0.003719, "Nomad": null, "TPP": null}, {"time": 528, "HPlacement": null, "Memtis": 0.003521, "Nomad": null, "TPP": null}, {"time": 529, "HPlacement": null, "Memtis": 0.003738, "Nomad": null, "TPP": null}, {"time": 530, "HPlacement": null, "Memtis": 0.003944, "Nomad": null, "TPP": null}, {"time": 531, "HPlacement": null, "Memtis": 0.004005, "Nomad": null, "TPP": null}, {"time": 532, "HPlacement": null, "Memtis": 0.003986, "Nomad": null, "TPP": null}, {"time": 533, "HPlacement": null, "Memtis": 0.003925, "Nomad": null, "TPP": null}, {"time": 534, "HPlacement": null, "Memtis": 0.003922, "Nomad": null, "TPP": null}, {"time": 535, "HPlacement": null, "Memtis": 0.004211, "Nomad": null, "TPP": null}, {"time": 536, "HPlacement": null, "Memtis": 0.004128, "Nomad": null, "TPP": null}, {"time": 537, "HPlacement": null, "Memtis": 0.004101, "Nomad": null, "TPP": null}, {"time": 538, "HPlacement": null, "Memtis": 0.004269, "Nomad": null, "TPP": null}, {"time": 539, "HPlacement": null, "Memtis": 0.004086, "Nomad": null, "TPP": null}, {"time": 540, "HPlacement": null, "Memtis": 0.003849, "Nomad": null, "TPP": null}, {"time": 541, "HPlacement": null, "Memtis": 0.003918, "Nomad": null, "TPP": null}, {"time": 542, "HPlacement": null, "Memtis": 0.003735, "Nomad": null, "TPP": null}, {"time": 543, "HPlacement": null, "Memtis": 0.003815, "Nomad": null, "TPP": null}, {"time": 544, "HPlacement": null, "Memtis": 0.00388, "Nomad": null, "TPP": null}, {"time": 545, "HPlacement": null, "Memtis": 0.003723, "Nomad": null, "TPP": null}, {"time": 546, "HPlacement": null, "Memtis": 0.003822, "Nomad": null, "TPP": null}, {"time": 547, "HPlacement": null, "Memtis": 0.00367, "Nomad": null, "TPP": null}, {"time": 548, "HPlacement": null, "Memtis": 0.00391, "Nomad": null, "TPP": null}, {"time": 549, "HPlacement": null, "Memtis": 0.004169, "Nomad": null, "TPP": null}, {"time": 550, "HPlacement": null, "Memtis": 0.003979, "Nomad": null, "TPP": null}, {"time": 551, "HPlacement": null, "Memtis": 0.00407, "Nomad": null, "TPP": null}, {"time": 552, "HPlacement": null, "Memtis": 0.003922, "Nomad": null, "TPP": null}, {"time": 553, "HPlacement": null, "Memtis": 0.003811, "Nomad": null, "TPP": null}, {"time": 554, "HPlacement": null, "Memtis": 0.003719, "Nomad": null, "TPP": null}, {"time": 555, "HPlacement": null, "Memtis": 0.003895, "Nomad": null, "TPP": null}, {"time": 556, "HPlacement": null, "Memtis": 0.003918, "Nomad": null, "TPP": null}, {"time": 557, "HPlacement": null, "Memtis": 0.004055, "Nomad": null, "TPP": null}, {"time": 558, "HPlacement": null, "Memtis": 0.004093, "Nomad": null, "TPP": null}, {"time": 559, "HPlacement": null, "Memtis": 0.003857, "Nomad": null, "TPP": null}, {"time": 560, "HPlacement": null, "Memtis": 0.003937, "Nomad": null, "TPP": null}, {"time": 561, "HPlacement": null, "Memtis": 0.003677, "Nomad": null, "TPP": null}, {"time": 562, "HPlacement": null, "Memtis": 0.003857, "Nomad": null, "TPP": null}, {"time": 563, "HPlacement": null, "Memtis": 0.003746, "Nomad": null, "TPP": null}, {"time": 564, "HPlacement": null, "Memtis": 0.003872, "Nomad": null, "TPP": null}, {"time": 565, "HPlacement": null, "Memtis": 0.003834, "Nomad": null, "TPP": null}, {"time": 566, "HPlacement": null, "Memtis": 0.004116, "Nomad": null, "TPP": null}, {"time": 567, "HPlacement": null, "Memtis": 0.003918, "Nomad": null, "TPP": null}, {"time": 568, "HPlacement": null, "Memtis": 0.003933, "Nomad": null, "TPP": null}, {"time": 569, "HPlacement": null, "Memtis": 0.004013, "Nomad": null, "TPP": null}, {"time": 570, "HPlacement": null, "Memtis": 0.004086, "Nomad": null, "TPP": null}, {"time": 571, "HPlacement": null, "Memtis": 0.004013, "Nomad": null, "TPP": null}, {"time": 572, "HPlacement": null, "Memtis": 0.00375, "Nomad": null, "TPP": null}, {"time": 573, "HPlacement": null, "Memtis": 0.003872, "Nomad": null, "TPP": null}, {"time": 574, "HPlacement": null, "Memtis": 0.004063, "Nomad": null, "TPP": null}, {"time": 575, "HPlacement": null, "Memtis": 0.004047, "Nomad": null, "TPP": null}, {"time": 576, "HPlacement": null, "Memtis": 0.003944, "Nomad": null, "TPP": null}, {"time": 577, "HPlacement": null, "Memtis": 0.003853, "Nomad": null, "TPP": null}, {"time": 578, "HPlacement": null, "Memtis": 0.003975, "Nomad": null, "TPP": null}, {"time": 579, "HPlacement": null, "Memtis": 0.00383, "Nomad": null, "TPP": null}, {"time": 580, "HPlacement": null, "Memtis": 0.003727, "Nomad": null, "TPP": null}, {"time": 581, "HPlacement": null, "Memtis": 0.003422, "Nomad": null, "TPP": null}, {"time": 582, "HPlacement": null, "Memtis": 0.004017, "Nomad": null, "TPP": null}, {"time": 583, "HPlacement": null, "Memtis": 0.004044, "Nomad": null, "TPP": null}, {"time": 584, "HPlacement": null, "Memtis": 0.004105, "Nomad": null, "TPP": null}, {"time": 585, "HPlacement": null, "Memtis": 0.003941, "Nomad": null, "TPP": null}, {"time": 586, "HPlacement": null, "Memtis": 0.004044, "Nomad": null, "TPP": null}, {"time": 587, "HPlacement": null, "Memtis": 0.004032, "Nomad": null, "TPP": null}, {"time": 588, "HPlacement": null, "Memtis": 0.003948, "Nomad": null, "TPP": null}, {"time": 589, "HPlacement": null, "Memtis": 0.003742, "Nomad": null, "TPP": null}, {"time": 590, "HPlacement": null, "Memtis": 0.005009, "Nomad": null, "TPP": null}, {"time": 591, "HPlacement": null, "Memtis": 0.004833, "Nomad": null, "TPP": null}, {"time": 592, "HPlacement": null, "Memtis": 0.006207, "Nomad": null, "TPP": null}, {"time": 593, "HPlacement": null, "Memtis": 0.006073, "Nomad": null, "TPP": null}, {"time": 594, "HPlacement": null, "Memtis": 0.007397, "Nomad": null, "TPP": null}, {"time": 595, "HPlacement": null, "Memtis": 0.008015, "Nomad": null, "TPP": null}, {"time": 596, "HPlacement": null, "Memtis": 0.008778, "Nomad": null, "TPP": null}, {"time": 597, "HPlacement": null, "Memtis": 0.008533, "Nomad": null, "TPP": null}, {"time": 598, "HPlacement": null, "Memtis": 0.009022, "Nomad": null, "TPP": null}, {"time": 599, "HPlacement": null, "Memtis": 0.008957, "Nomad": null, "TPP": null}, {"time": 600, "HPlacement": null, "Memtis": 0.008362, "Nomad": null, "TPP": null}, {"time": 601, "HPlacement": null, "Memtis": 0.008797, "Nomad": null, "TPP": null}, {"time": 602, "HPlacement": null, "Memtis": 0.008762, "Nomad": null, "TPP": null}, {"time": 603, "HPlacement": null, "Memtis": 0.009426, "Nomad": null, "TPP": null}]}}