{"config": {"padding": 2, "font": "Libertinus Serif", "view": {"continuousWidth": 240.0, "continuousHeight": 216, "stroke": "black", "strokeWidth": 1}, "mark": {"bar": {}}, "legend": {"gradientStrokeColor": "black", "gradientStrokeWidth": 1, "symbolStrokeColor": "black", "symbolStrokeWidth": 1, "offset": 5, "padding": 0, "columnPadding": 0, "rowPadding": 0, "labelLimit": 45, "titleLimit": 50}, "axis": {"labelFontSize": 10, "titleFontSize": 10, "grid": false, "domainColor": "black", "domainWidth": 1, "tickColor": "black", "tickWidth": 1, "tickSize": 3}, "axisX": {"labelAngle": 0}, "axisY": {"titlePadding": -15}}, "layer": [{"mark": {"type": "bar", "stroke": "black", "strokeWidth": 1}, "encoding": {"color": {"field": "design", "legend": {"orient": "top", "titleOrient": "left", "titleAnchor": "start", "direction": "horizontal", "title": ""}, "type": "nominal"}, "text": {"aggregate": "mean", "field": "ratio", "format": ".02f", "type": "quantitative"}, "x": {"field": "vmnum", "title": "Total Number of Virtual Machines", "type": "nominal"}, "xOffset": {"field": "design", "type": "nominal"}, "y": {"aggregate": "mean", "field": "silo", "scale": {"domainMin": 0}, "title": "silo", "type": "quantitative"}}}, {"mark": {"type": "errorbar", "extent": "stderr"}, "encoding": {"color": {"field": "design", "legend": {"orient": "top", "titleOrient": "left", "titleAnchor": "start", "direction": "horizontal", "title": ""}, "type": "nominal"}, "text": {"aggregate": "mean", "field": "ratio", "format": ".02f", "type": "quantitative"}, "x": {"field": "vmnum", "title": "Total Number of Virtual Machines", "type": "nominal"}, "xOffset": {"field": "design", "type": "nominal"}, "y": {"field": "silo", "scale": {"zero": false}, "type": "quantitative"}}}, {"mark": {"type": "text", "baseline": "bottom"}, "encoding": {"color": {"field": "design", "legend": {"orient": "top", "titleOrient": "left", "titleAnchor": "start", "direction": "horizontal", "title": ""}, "type": "nominal"}, "text": {"aggregate": "mean", "field": "ratio", "format": ".02f", "type": "quantitative"}, "x": {"field": "vmnum", "title": "Total Number of Virtual Machines", "type": "nominal"}, "xOffset": {"field": "design", "type": "nominal"}, "y": {"aggregate": "mean", "field": "silo", "scale": {"domainMin": 0}, "title": "silo", "type": "quantitative"}}}], "data": {"name": "data-aea1c1585172b68790c658162bf3f604"}, "height": 108.0, "$schema": "https://vega.github.io/schema/vega-lite/v5.20.1.json", "datasets": {"data-aea1c1585172b68790c658162bf3f604": [{"Unnamed: 0": 0, "runid": "2024-11-29T12:46:41.582366+08:00", "vmid": 0, "vmnum": 1, "kernel": "6.10.0-guest+", "design": "HPlacement", "balloon": "hagent", "pgmigrate_success": 0, "folio_exchange_success": 471220.0, "folio_exchange_failed": 11.0, "pebs_nr_sampled": 1500762, "pebs_nr_sampled_fmem": 0, "pebs_nr_sampled_smem": 0, "gups_throughput": null, "gups_elapsed": null, "exit_status": null, "percent_of_cpu": null, "user_time": null, "system_time": null, "gups": null, "xsbench": null, "graph500": null, "pagerank": null, "liblinear": null, "bwaves": null, "btree": null, "silo": 303.47, "memtis_cpu_usage": null, "dram_ratio_first_gib": null, "dram_ratio_last_gib": null, "l3miss_event_period": null, "ldlat_event_period": 4093.0, "store_event_period": 65535.0, "util_overflow_handler": 21.0, "overflow_handler_ns": 661228799.0, "util_policy": 453.0, "policy_ns": 13666594809.0, "util_migration": 329.0, "migration_ns": 9920684492.0, "util_perf_prepare": 13.0, "perf_prepare_ns": 411582345.0, "util_split": 452.0, "split_ns": 13642098642.0, "ptea_scan_ns": null, "ptea_scanned": null, "lru_rotate_ns": null, "demote_ns": null, "hint_fault_ns": null, "promote_ns": null, "sampling_ns": null, "ptext_ns": null, "ratio": 1.0}, {"Unnamed: 0": 1, "runid": "2024-11-29T12:52:43.808336+08:00", "vmid": 0, "vmnum": 1, "kernel": "5.15.162-memtis+", "design": "Memtis", "balloon": "hagent", "pgmigrate_success": 1330, "folio_exchange_success": null, "folio_exchange_failed": null, "pebs_nr_sampled": 9010158, "pebs_nr_sampled_fmem": 2421936, "pebs_nr_sampled_smem": 6554279, "gups_throughput": null, "gups_elapsed": null, "exit_status": null, "percent_of_cpu": null, "user_time": null, "system_time": null, "gups": null, "xsbench": null, "graph500": null, "pagerank": null, "liblinear": null, "bwaves": null, "btree": null, "silo": 338.56, "memtis_cpu_usage": 97.0, "dram_ratio_first_gib": null, "dram_ratio_last_gib": null, "l3miss_event_period": null, "ldlat_event_period": null, "store_event_period": null, "util_overflow_handler": null, "overflow_handler_ns": null, "util_policy": null, "policy_ns": null, "util_migration": null, "migration_ns": null, "util_perf_prepare": null, "perf_prepare_ns": null, "util_split": null, "split_ns": null, "ptea_scan_ns": 0.0, "ptea_scanned": 0.0, "lru_rotate_ns": 35497514438.0, "demote_ns": 0.0, "hint_fault_ns": 0.0, "promote_ns": 3913981.0, "sampling_ns": 33055677176.0, "ptext_ns": 19220432727.0, "ratio": 1.1156292219988795}, {"Unnamed: 0": 2, "runid": "2024-11-29T12:59:20.674611+08:00", "vmid": 0, "vmnum": 1, "kernel": "5.15.162-nomad+", "design": "Nomad", "balloon": "hagent", "pgmigrate_success": 164047598416, "folio_exchange_success": null, "folio_exchange_failed": null, "pebs_nr_sampled": 0, "pebs_nr_sampled_fmem": 0, "pebs_nr_sampled_smem": 0, "gups_throughput": null, "gups_elapsed": null, "exit_status": null, "percent_of_cpu": null, "user_time": null, "system_time": null, "gups": null, "xsbench": null, "graph500": null, "pagerank": null, "liblinear": null, "bwaves": null, "btree": null, "silo": 960.15, "memtis_cpu_usage": null, "dram_ratio_first_gib": null, "dram_ratio_last_gib": null, "l3miss_event_period": null, "ldlat_event_period": null, "store_event_period": null, "util_overflow_handler": null, "overflow_handler_ns": null, "util_policy": null, "policy_ns": null, "util_migration": null, "migration_ns": null, "util_perf_prepare": null, "perf_prepare_ns": null, "util_split": null, "split_ns": null, "ptea_scan_ns": 10004730224.0, "ptea_scanned": 6823227.0, "lru_rotate_ns": 476886558176.0, "demote_ns": 225338419116.0, "hint_fault_ns": 297507973275.0, "promote_ns": 5986088838.0, "sampling_ns": 0.0, "ptext_ns": 0.0, "ratio": 3.163904175042014}, {"Unnamed: 0": 3, "runid": "2024-11-29T13:16:19.156662+08:00", "vmid": 0, "vmnum": 1, "kernel": "5.15.162-tpp+", "design": "TPP", "balloon": "hagent", "pgmigrate_success": 2936295, "folio_exchange_success": null, "folio_exchange_failed": null, "pebs_nr_sampled": 0, "pebs_nr_sampled_fmem": 0, "pebs_nr_sampled_smem": 0, "gups_throughput": null, "gups_elapsed": null, "exit_status": null, "percent_of_cpu": null, "user_time": null, "system_time": null, "gups": null, "xsbench": null, "graph500": null, "pagerank": null, "liblinear": null, "bwaves": null, "btree": null, "silo": 410.21, "memtis_cpu_usage": null, "dram_ratio_first_gib": null, "dram_ratio_last_gib": null, "l3miss_event_period": null, "ldlat_event_period": null, "store_event_period": null, "util_overflow_handler": null, "overflow_handler_ns": null, "util_policy": null, "policy_ns": null, "util_migration": null, "migration_ns": null, "util_perf_prepare": null, "perf_prepare_ns": null, "util_split": null, "split_ns": null, "ptea_scan_ns": 1920616226.0, "ptea_scanned": 6331670.0, "lru_rotate_ns": 31145596068.0, "demote_ns": 26217606177.0, "hint_fault_ns": 28694137986.0, "promote_ns": 795719418.0, "sampling_ns": 0.0, "ptext_ns": 0.0, "ratio": 1.3517316373941408}]}}