{"config": {"padding": 2, "font": "Libertinus Serif", "view": {"continuousWidth": 240.0, "continuousHeight": 216, "stroke": "black", "strokeWidth": 1}, "mark": {"bar": {}}, "legend": {"gradientStrokeColor": "black", "gradientStrokeWidth": 1, "symbolStrokeColor": "black", "symbolStrokeWidth": 1, "offset": 5, "padding": 0, "columnPadding": 0, "rowPadding": 0, "labelLimit": 45, "titleLimit": 50}, "axis": {"labelFontSize": 10, "titleFontSize": 10, "grid": false, "domainColor": "black", "domainWidth": 1, "tickColor": "black", "tickWidth": 1, "tickSize": 3}, "axisX": {"labelAngle": 0}, "axisY": {"titlePadding": -15}}, "layer": [{"mark": {"type": "bar", "stroke": "black", "strokeWidth": 1}, "encoding": {"color": {"field": "design", "legend": {"orient": "top", "titleOrient": "left", "titleAnchor": "start", "direction": "horizontal", "title": ""}, "type": "nominal"}, "text": {"aggregate": "mean", "field": "ratio", "format": ".02f", "type": "quantitative"}, "x": {"field": "vmnum", "title": "Total Number of Virtual Machines", "type": "nominal"}, "xOffset": {"field": "design", "type": "nominal"}, "y": {"aggregate": "mean", "field": "pagerank", "scale": {"domainMin": 0}, "title": "pagerank", "type": "quantitative"}}}, {"mark": {"type": "errorbar", "extent": "stderr"}, "encoding": {"color": {"field": "design", "legend": {"orient": "top", "titleOrient": "left", "titleAnchor": "start", "direction": "horizontal", "title": ""}, "type": "nominal"}, "text": {"aggregate": "mean", "field": "ratio", "format": ".02f", "type": "quantitative"}, "x": {"field": "vmnum", "title": "Total Number of Virtual Machines", "type": "nominal"}, "xOffset": {"field": "design", "type": "nominal"}, "y": {"field": "pagerank", "scale": {"zero": false}, "type": "quantitative"}}}, {"mark": {"type": "text", "baseline": "bottom"}, "encoding": {"color": {"field": "design", "legend": {"orient": "top", "titleOrient": "left", "titleAnchor": "start", "direction": "horizontal", "title": ""}, "type": "nominal"}, "text": {"aggregate": "mean", "field": "ratio", "format": ".02f", "type": "quantitative"}, "x": {"field": "vmnum", "title": "Total Number of Virtual Machines", "type": "nominal"}, "xOffset": {"field": "design", "type": "nominal"}, "y": {"aggregate": "mean", "field": "pagerank", "scale": {"domainMin": 0}, "title": "pagerank", "type": "quantitative"}}}], "data": {"name": "data-ef4f20eb29e9a8589a7be8a92ce8f995"}, "height": 108.0, "$schema": "https://vega.github.io/schema/vega-lite/v5.20.1.json", "datasets": {"data-ef4f20eb29e9a8589a7be8a92ce8f995": [{"Unnamed: 0": 0, "runid": "2024-11-29T05:27:41.954455+08:00", "vmid": 0, "vmnum": 1, "kernel": "6.10.0-guest+", "design": "HPlacement", "balloon": "hagent", "pgmigrate_success": 0, "folio_exchange_success": 0.0, "folio_exchange_failed": 0.0, "pebs_nr_sampled": 638026, "pebs_nr_sampled_fmem": 0, "pebs_nr_sampled_smem": 0, "gups_throughput": null, "gups_elapsed": null, "exit_status": null, "percent_of_cpu": null, "user_time": null, "system_time": null, "gups": null, "xsbench": null, "graph500": null, "pagerank": 555.79, "liblinear": null, "bwaves": null, "btree": null, "silo": null, "memtis_cpu_usage": null, "dram_ratio_first_gib": null, "dram_ratio_last_gib": null, "l3miss_event_period": null, "ldlat_event_period": 4093.0, "store_event_period": 65535.0, "util_overflow_handler": 8.0, "overflow_handler_ns": 495934864.0, "util_policy": 11.0, "policy_ns": 653426076.0, "util_migration": 0.0, "migration_ns": 0.0, "util_perf_prepare": 6.0, "perf_prepare_ns": 362551561.0, "util_split": 11.0, "split_ns": 638610845.0, "ptea_scan_ns": null, "ptea_scanned": null, "lru_rotate_ns": null, "demote_ns": null, "hint_fault_ns": null, "promote_ns": null, "sampling_ns": null, "ptext_ns": null, "ratio": 1.0468826521002073}, {"Unnamed: 0": 1, "runid": "2024-11-29T05:37:56.043040+08:00", "vmid": 0, "vmnum": 1, "kernel": "5.15.162-memtis+", "design": "Memtis", "balloon": "hagent", "pgmigrate_success": 346277, "folio_exchange_success": null, "folio_exchange_failed": null, "pebs_nr_sampled": 46183543, "pebs_nr_sampled_fmem": 9958037, "pebs_nr_sampled_smem": 36225025, "gups_throughput": null, "gups_elapsed": null, "exit_status": null, "percent_of_cpu": null, "user_time": null, "system_time": null, "gups": null, "xsbench": null, "graph500": null, "pagerank": 645.05, "liblinear": null, "bwaves": null, "btree": null, "silo": null, "memtis_cpu_usage": 239.0, "dram_ratio_first_gib": null, "dram_ratio_last_gib": null, "l3miss_event_period": null, "ldlat_event_period": null, "store_event_period": null, "util_overflow_handler": null, "overflow_handler_ns": null, "util_policy": null, "policy_ns": null, "util_migration": null, "migration_ns": null, "util_perf_prepare": null, "perf_prepare_ns": null, "util_split": null, "split_ns": null, "ptea_scan_ns": 0.0, "ptea_scanned": 0.0, "lru_rotate_ns": 192287369019.0, "demote_ns": 0.0, "hint_fault_ns": 0.0, "promote_ns": 1407152093.0, "sampling_ns": 153934339424.0, "ptext_ns": 96699113694.0, "ratio": 1.2150122433603314}, {"Unnamed: 0": 2, "runid": "2024-11-29T05:49:40.732684+08:00", "vmid": 0, "vmnum": 1, "kernel": "5.15.162-nomad+", "design": "Nomad", "balloon": "hagent", "pgmigrate_success": 521520006881, "folio_exchange_success": null, "folio_exchange_failed": null, "pebs_nr_sampled": 0, "pebs_nr_sampled_fmem": 0, "pebs_nr_sampled_smem": 0, "gups_throughput": null, "gups_elapsed": null, "exit_status": null, "percent_of_cpu": null, "user_time": null, "system_time": null, "gups": null, "xsbench": null, "graph500": null, "pagerank": 1262.31, "liblinear": null, "bwaves": null, "btree": null, "silo": null, "memtis_cpu_usage": null, "dram_ratio_first_gib": null, "dram_ratio_last_gib": null, "l3miss_event_period": null, "ldlat_event_period": null, "store_event_period": null, "util_overflow_handler": null, "overflow_handler_ns": null, "util_policy": null, "policy_ns": null, "util_migration": null, "migration_ns": null, "util_perf_prepare": null, "perf_prepare_ns": null, "util_split": null, "split_ns": null, "ptea_scan_ns": 308325887779.0, "ptea_scanned": 1491238207.0, "lru_rotate_ns": 623989293195.0, "demote_ns": 27839543505.0, "hint_fault_ns": 319310270991.0, "promote_ns": 1689261805.0, "sampling_ns": 0.0, "ptext_ns": 0.0, "ratio": 2.377679412318704}, {"Unnamed: 0": 3, "runid": "2024-11-29T06:11:42.947971+08:00", "vmid": 0, "vmnum": 1, "kernel": "5.15.162-tpp+", "design": "TPP", "balloon": "hagent", "pgmigrate_success": 2057869, "folio_exchange_success": null, "folio_exchange_failed": null, "pebs_nr_sampled": 0, "pebs_nr_sampled_fmem": 0, "pebs_nr_sampled_smem": 0, "gups_throughput": null, "gups_elapsed": null, "exit_status": null, "percent_of_cpu": null, "user_time": null, "system_time": null, "gups": null, "xsbench": null, "graph500": null, "pagerank": 530.9, "liblinear": null, "bwaves": null, "btree": null, "silo": null, "memtis_cpu_usage": null, "dram_ratio_first_gib": null, "dram_ratio_last_gib": null, "l3miss_event_period": null, "ldlat_event_period": null, "store_event_period": null, "util_overflow_handler": null, "overflow_handler_ns": null, "util_policy": null, "policy_ns": null, "util_migration": null, "migration_ns": null, "util_perf_prepare": null, "perf_prepare_ns": null, "util_split": null, "split_ns": null, "ptea_scan_ns": 5786951147.0, "ptea_scanned": 19254001.0, "lru_rotate_ns": 29154088677.0, "demote_ns": 16805890448.0, "hint_fault_ns": 20274393990.0, "promote_ns": 1230821928.0, "sampling_ns": 0.0, "ptext_ns": 0.0, "ratio": 1.0}, {"Unnamed: 0": 4, "runid": "2024-11-29T06:21:32.783840+08:00", "vmid": 0, "vmnum": 5, "kernel": "6.10.0-guest+", "design": "HPlacement", "balloon": "hagent", "pgmigrate_success": 0, "folio_exchange_success": 0.0, "folio_exchange_failed": 0.0, "pebs_nr_sampled": 623415, "pebs_nr_sampled_fmem": 0, "pebs_nr_sampled_smem": 0, "gups_throughput": null, "gups_elapsed": null, "exit_status": null, "percent_of_cpu": null, "user_time": null, "system_time": null, "gups": null, "xsbench": null, "graph500": null, "pagerank": 801.81, "liblinear": null, "bwaves": null, "btree": null, "silo": null, "memtis_cpu_usage": null, "dram_ratio_first_gib": null, "dram_ratio_last_gib": null, "l3miss_event_period": null, "ldlat_event_period": 4093.0, "store_event_period": 65535.0, "util_overflow_handler": 7.0, "overflow_handler_ns": 575565894.0, "util_policy": 7.0, "policy_ns": 598027161.0, "util_migration": 0.0, "migration_ns": 0.0, "util_perf_prepare": 5.0, "perf_prepare_ns": 440319742.0, "util_split": 7.0, "split_ns": 583618924.0, "ptea_scan_ns": null, "ptea_scanned": null, "lru_rotate_ns": null, "demote_ns": null, "hint_fault_ns": null, "promote_ns": null, "sampling_ns": null, "ptext_ns": null, "ratio": 1.5102844226784704}, {"Unnamed: 0": 5, "runid": "2024-11-29T06:21:32.783840+08:00", "vmid": 1, "vmnum": 5, "kernel": "6.10.0-guest+", "design": "HPlacement", "balloon": "hagent", "pgmigrate_success": 0, "folio_exchange_success": 0.0, "folio_exchange_failed": 0.0, "pebs_nr_sampled": 624585, "pebs_nr_sampled_fmem": 0, "pebs_nr_sampled_smem": 0, "gups_throughput": null, "gups_elapsed": null, "exit_status": null, "percent_of_cpu": null, "user_time": null, "system_time": null, "gups": null, "xsbench": null, "graph500": null, "pagerank": 792.59, "liblinear": null, "bwaves": null, "btree": null, "silo": null, "memtis_cpu_usage": null, "dram_ratio_first_gib": null, "dram_ratio_last_gib": null, "l3miss_event_period": null, "ldlat_event_period": 4093.0, "store_event_period": 65535.0, "util_overflow_handler": 7.0, "overflow_handler_ns": 570338942.0, "util_policy": 7.0, "policy_ns": 609544811.0, "util_migration": 0.0, "migration_ns": 0.0, "util_perf_prepare": 5.0, "perf_prepare_ns": 438852805.0, "util_split": 7.0, "split_ns": 597220142.0, "ptea_scan_ns": null, "ptea_scanned": null, "lru_rotate_ns": null, "demote_ns": null, "hint_fault_ns": null, "promote_ns": null, "sampling_ns": null, "ptext_ns": null, "ratio": 1.4929176869466945}, {"Unnamed: 0": 6, "runid": "2024-11-29T06:21:32.783840+08:00", "vmid": 2, "vmnum": 5, "kernel": "6.10.0-guest+", "design": "HPlacement", "balloon": "hagent", "pgmigrate_success": 0, "folio_exchange_success": 0.0, "folio_exchange_failed": 0.0, "pebs_nr_sampled": 623769, "pebs_nr_sampled_fmem": 0, "pebs_nr_sampled_smem": 0, "gups_throughput": null, "gups_elapsed": null, "exit_status": null, "percent_of_cpu": null, "user_time": null, "system_time": null, "gups": null, "xsbench": null, "graph500": null, "pagerank": 800.13, "liblinear": null, "bwaves": null, "btree": null, "silo": null, "memtis_cpu_usage": null, "dram_ratio_first_gib": null, "dram_ratio_last_gib": null, "l3miss_event_period": null, "ldlat_event_period": 4093.0, "store_event_period": 65535.0, "util_overflow_handler": 6.0, "overflow_handler_ns": 557596203.0, "util_policy": 8.0, "policy_ns": 668385720.0, "util_migration": 0.0, "migration_ns": 0.0, "util_perf_prepare": 5.0, "perf_prepare_ns": 423898033.0, "util_split": 8.0, "split_ns": 655746252.0, "ptea_scan_ns": null, "ptea_scanned": null, "lru_rotate_ns": null, "demote_ns": null, "hint_fault_ns": null, "promote_ns": null, "sampling_ns": null, "ptext_ns": null, "ratio": 1.5071199849312489}, {"Unnamed: 0": 7, "runid": "2024-11-29T06:21:32.783840+08:00", "vmid": 3, "vmnum": 5, "kernel": "6.10.0-guest+", "design": "HPlacement", "balloon": "hagent", "pgmigrate_success": 0, "folio_exchange_success": 0.0, "folio_exchange_failed": 0.0, "pebs_nr_sampled": 618524, "pebs_nr_sampled_fmem": 0, "pebs_nr_sampled_smem": 0, "gups_throughput": null, "gups_elapsed": null, "exit_status": null, "percent_of_cpu": null, "user_time": null, "system_time": null, "gups": null, "xsbench": null, "graph500": null, "pagerank": 841.91, "liblinear": null, "bwaves": null, "btree": null, "silo": null, "memtis_cpu_usage": null, "dram_ratio_first_gib": null, "dram_ratio_last_gib": null, "l3miss_event_period": null, "ldlat_event_period": 4093.0, "store_event_period": 65535.0, "util_overflow_handler": 6.0, "overflow_handler_ns": 567629533.0, "util_policy": 6.0, "policy_ns": 543956054.0, "util_migration": 0.0, "migration_ns": 0.0, "util_perf_prepare": 5.0, "perf_prepare_ns": 435672763.0, "util_split": 6.0, "split_ns": 533481797.0, "ptea_scan_ns": null, "ptea_scanned": null, "lru_rotate_ns": null, "demote_ns": null, "hint_fault_ns": null, "promote_ns": null, "sampling_ns": null, "ptext_ns": null, "ratio": 1.5858165379544171}, {"Unnamed: 0": 8, "runid": "2024-11-29T06:21:32.783840+08:00", "vmid": 4, "vmnum": 5, "kernel": "6.10.0-guest+", "design": "HPlacement", "balloon": "hagent", "pgmigrate_success": 0, "folio_exchange_success": 0.0, "folio_exchange_failed": 0.0, "pebs_nr_sampled": 622122, "pebs_nr_sampled_fmem": 0, "pebs_nr_sampled_smem": 0, "gups_throughput": null, "gups_elapsed": null, "exit_status": null, "percent_of_cpu": null, "user_time": null, "system_time": null, "gups": null, "xsbench": null, "graph500": null, "pagerank": 821.41, "liblinear": null, "bwaves": null, "btree": null, "silo": null, "memtis_cpu_usage": null, "dram_ratio_first_gib": null, "dram_ratio_last_gib": null, "l3miss_event_period": null, "ldlat_event_period": 4093.0, "store_event_period": 65535.0, "util_overflow_handler": 6.0, "overflow_handler_ns": 567990444.0, "util_policy": 8.0, "policy_ns": 729940961.0, "util_migration": 0.0, "migration_ns": 0.0, "util_perf_prepare": 5.0, "perf_prepare_ns": 437054928.0, "util_split": 8.0, "split_ns": 716836105.0, "ptea_scan_ns": null, "ptea_scanned": null, "lru_rotate_ns": null, "demote_ns": null, "hint_fault_ns": null, "promote_ns": null, "sampling_ns": null, "ptext_ns": null, "ratio": 1.5472028630627237}, {"Unnamed: 0": 9, "runid": "2024-11-29T06:36:47.066451+08:00", "vmid": 0, "vmnum": 5, "kernel": "5.15.162-memtis+", "design": "Memtis", "balloon": "hagent", "pgmigrate_success": 532589, "folio_exchange_success": null, "folio_exchange_failed": null, "pebs_nr_sampled": 51529200, "pebs_nr_sampled_fmem": 10598948, "pebs_nr_sampled_smem": 40928889, "gups_throughput": null, "gups_elapsed": null, "exit_status": null, "percent_of_cpu": null, "user_time": null, "system_time": null, "gups": null, "xsbench": null, "graph500": null, "pagerank": 1817.12, "liblinear": null, "bwaves": null, "btree": null, "silo": null, "memtis_cpu_usage": 148.0, "dram_ratio_first_gib": null, "dram_ratio_last_gib": null, "l3miss_event_period": null, "ldlat_event_period": null, "store_event_period": null, "util_overflow_handler": null, "overflow_handler_ns": null, "util_policy": null, "policy_ns": null, "util_migration": null, "migration_ns": null, "util_perf_prepare": null, "perf_prepare_ns": null, "util_split": null, "split_ns": null, "ptea_scan_ns": 0.0, "ptea_scanned": 0.0, "lru_rotate_ns": 320104333446.0, "demote_ns": 0.0, "hint_fault_ns": 0.0, "promote_ns": 2649326701.0, "sampling_ns": 269370392185.0, "ptext_ns": 194401308859.0, "ratio": 3.4227161423996986}, {"Unnamed: 0": 10, "runid": "2024-11-29T06:36:47.066451+08:00", "vmid": 1, "vmnum": 5, "kernel": "5.15.162-memtis+", "design": "Memtis", "balloon": "hagent", "pgmigrate_success": 388652, "folio_exchange_success": null, "folio_exchange_failed": null, "pebs_nr_sampled": 51150367, "pebs_nr_sampled_fmem": 9576087, "pebs_nr_sampled_smem": 41572797, "gups_throughput": null, "gups_elapsed": null, "exit_status": null, "percent_of_cpu": null, "user_time": null, "system_time": null, "gups": null, "xsbench": null, "graph500": null, "pagerank": 1853.0, "liblinear": null, "bwaves": null, "btree": null, "silo": null, "memtis_cpu_usage": 145.0, "dram_ratio_first_gib": null, "dram_ratio_last_gib": null, "l3miss_event_period": null, "ldlat_event_period": null, "store_event_period": null, "util_overflow_handler": null, "overflow_handler_ns": null, "util_policy": null, "policy_ns": null, "util_migration": null, "migration_ns": null, "util_perf_prepare": null, "perf_prepare_ns": null, "util_split": null, "split_ns": null, "ptea_scan_ns": 0.0, "ptea_scanned": 0.0, "lru_rotate_ns": 317326785638.0, "demote_ns": 0.0, "hint_fault_ns": 0.0, "promote_ns": 2710016370.0, "sampling_ns": 268805597465.0, "ptext_ns": 191419244342.0, "ratio": 3.490299491429648}, {"Unnamed: 0": 11, "runid": "2024-11-29T06:36:47.066451+08:00", "vmid": 2, "vmnum": 5, "kernel": "5.15.162-memtis+", "design": "Memtis", "balloon": "hagent", "pgmigrate_success": 546442, "folio_exchange_success": null, "folio_exchange_failed": null, "pebs_nr_sampled": 50220059, "pebs_nr_sampled_fmem": 12838243, "pebs_nr_sampled_smem": 37380257, "gups_throughput": null, "gups_elapsed": null, "exit_status": null, "percent_of_cpu": null, "user_time": null, "system_time": null, "gups": null, "xsbench": null, "graph500": null, "pagerank": 1496.44, "liblinear": null, "bwaves": null, "btree": null, "silo": null, "memtis_cpu_usage": 175.0, "dram_ratio_first_gib": null, "dram_ratio_last_gib": null, "l3miss_event_period": null, "ldlat_event_period": null, "store_event_period": null, "util_overflow_handler": null, "overflow_handler_ns": null, "util_policy": null, "policy_ns": null, "util_migration": null, "migration_ns": null, "util_perf_prepare": null, "perf_prepare_ns": null, "util_split": null, "split_ns": null, "ptea_scan_ns": 0.0, "ptea_scanned": 0.0, "lru_rotate_ns": 324775142186.0, "demote_ns": 0.0, "hint_fault_ns": 0.0, "promote_ns": 2799277151.0, "sampling_ns": 263180712483.0, "ptext_ns": 196003291733.0, "ratio": 2.8186852514597853}, {"Unnamed: 0": 12, "runid": "2024-11-29T06:36:47.066451+08:00", "vmid": 3, "vmnum": 5, "kernel": "5.15.162-memtis+", "design": "Memtis", "balloon": "hagent", "pgmigrate_success": 531052, "folio_exchange_success": null, "folio_exchange_failed": null, "pebs_nr_sampled": 51990348, "pebs_nr_sampled_fmem": 7974133, "pebs_nr_sampled_smem": 44014888, "gups_throughput": null, "gups_elapsed": null, "exit_status": null, "percent_of_cpu": null, "user_time": null, "system_time": null, "gups": null, "xsbench": null, "graph500": null, "pagerank": 1947.81, "liblinear": null, "bwaves": null, "btree": null, "silo": null, "memtis_cpu_usage": 137.0, "dram_ratio_first_gib": null, "dram_ratio_last_gib": null, "l3miss_event_period": null, "ldlat_event_period": null, "store_event_period": null, "util_overflow_handler": null, "overflow_handler_ns": null, "util_policy": null, "policy_ns": null, "util_migration": null, "migration_ns": null, "util_perf_prepare": null, "perf_prepare_ns": null, "util_split": null, "split_ns": null, "ptea_scan_ns": 0.0, "ptea_scanned": 0.0, "lru_rotate_ns": 310062208101.0, "demote_ns": 0.0, "hint_fault_ns": 0.0, "promote_ns": 2113602317.0, "sampling_ns": 268486015315.0, "ptext_ns": 187684049649.0, "ratio": 3.668883028818987}, {"Unnamed: 0": 13, "runid": "2024-11-29T06:36:47.066451+08:00", "vmid": 4, "vmnum": 5, "kernel": "5.15.162-memtis+", "design": "Memtis", "balloon": "hagent", "pgmigrate_success": 519194, "folio_exchange_success": null, "folio_exchange_failed": null, "pebs_nr_sampled": 51850739, "pebs_nr_sampled_fmem": 9117635, "pebs_nr_sampled_smem": 42731148, "gups_throughput": null, "gups_elapsed": null, "exit_status": null, "percent_of_cpu": null, "user_time": null, "system_time": null, "gups": null, "xsbench": null, "graph500": null, "pagerank": 1891.32, "liblinear": null, "bwaves": null, "btree": null, "silo": null, "memtis_cpu_usage": 144.0, "dram_ratio_first_gib": null, "dram_ratio_last_gib": null, "l3miss_event_period": null, "ldlat_event_period": null, "store_event_period": null, "util_overflow_handler": null, "overflow_handler_ns": null, "util_policy": null, "policy_ns": null, "util_migration": null, "migration_ns": null, "util_perf_prepare": null, "perf_prepare_ns": null, "util_split": null, "split_ns": null, "ptea_scan_ns": 0.0, "ptea_scanned": 0.0, "lru_rotate_ns": 318176656015.0, "demote_ns": 0.0, "hint_fault_ns": 0.0, "promote_ns": 2842772705.0, "sampling_ns": 272677840536.0, "ptext_ns": 197039220127.0, "ratio": 3.562478809568657}, {"Unnamed: 0": 14, "runid": "2024-11-29T07:10:27.611637+08:00", "vmid": 0, "vmnum": 5, "kernel": "5.15.162-nomad+", "design": "Nomad", "balloon": "hagent", "pgmigrate_success": 6612261161090, "folio_exchange_success": null, "folio_exchange_failed": null, "pebs_nr_sampled": 0, "pebs_nr_sampled_fmem": 0, "pebs_nr_sampled_smem": 0, "gups_throughput": null, "gups_elapsed": null, "exit_status": null, "percent_of_cpu": null, "user_time": null, "system_time": null, "gups": null, "xsbench": null, "graph500": null, "pagerank": 1329.99, "liblinear": null, "bwaves": null, "btree": null, "silo": null, "memtis_cpu_usage": null, "dram_ratio_first_gib": null, "dram_ratio_last_gib": null, "l3miss_event_period": null, "ldlat_event_period": null, "store_event_period": null, "util_overflow_handler": null, "overflow_handler_ns": null, "util_policy": null, "policy_ns": null, "util_migration": null, "migration_ns": null, "util_perf_prepare": null, "perf_prepare_ns": null, "util_split": null, "split_ns": null, "ptea_scan_ns": 210456897237.0, "ptea_scanned": 1049668439.0, "lru_rotate_ns": 498247208352.0, "demote_ns": 44101110364.0, "hint_fault_ns": 342686740916.0, "promote_ns": 1942267013.0, "sampling_ns": 0.0, "ptext_ns": 0.0, "ratio": 2.505161047278207}, {"Unnamed: 0": 15, "runid": "2024-11-29T07:10:27.611637+08:00", "vmid": 1, "vmnum": 5, "kernel": "5.15.162-nomad+", "design": "Nomad", "balloon": "hagent", "pgmigrate_success": 494142097081, "folio_exchange_success": null, "folio_exchange_failed": null, "pebs_nr_sampled": 0, "pebs_nr_sampled_fmem": 0, "pebs_nr_sampled_smem": 0, "gups_throughput": null, "gups_elapsed": null, "exit_status": null, "percent_of_cpu": null, "user_time": null, "system_time": null, "gups": null, "xsbench": null, "graph500": null, "pagerank": 1343.55, "liblinear": null, "bwaves": null, "btree": null, "silo": null, "memtis_cpu_usage": null, "dram_ratio_first_gib": null, "dram_ratio_last_gib": null, "l3miss_event_period": null, "ldlat_event_period": null, "store_event_period": null, "util_overflow_handler": null, "overflow_handler_ns": null, "util_policy": null, "policy_ns": null, "util_migration": null, "migration_ns": null, "util_perf_prepare": null, "perf_prepare_ns": null, "util_split": null, "split_ns": null, "ptea_scan_ns": 336982977529.0, "ptea_scanned": 1562484042.0, "lru_rotate_ns": 699282671625.0, "demote_ns": 43851622585.0, "hint_fault_ns": 331997567683.0, "promote_ns": 1898855531.0, "sampling_ns": 0.0, "ptext_ns": 0.0, "ratio": 2.530702580523639}, {"Unnamed: 0": 16, "runid": "2024-11-29T07:10:27.611637+08:00", "vmid": 2, "vmnum": 5, "kernel": "5.15.162-nomad+", "design": "Nomad", "balloon": "hagent", "pgmigrate_success": 3337223159317, "folio_exchange_success": null, "folio_exchange_failed": null, "pebs_nr_sampled": 0, "pebs_nr_sampled_fmem": 0, "pebs_nr_sampled_smem": 0, "gups_throughput": null, "gups_elapsed": null, "exit_status": null, "percent_of_cpu": null, "user_time": null, "system_time": null, "gups": null, "xsbench": null, "graph500": null, "pagerank": 1315.65, "liblinear": null, "bwaves": null, "btree": null, "silo": null, "memtis_cpu_usage": null, "dram_ratio_first_gib": null, "dram_ratio_last_gib": null, "l3miss_event_period": null, "ldlat_event_period": null, "store_event_period": null, "util_overflow_handler": null, "overflow_handler_ns": null, "util_policy": null, "policy_ns": null, "util_migration": null, "migration_ns": null, "util_perf_prepare": null, "perf_prepare_ns": null, "util_split": null, "split_ns": null, "ptea_scan_ns": 224238768646.0, "ptea_scanned": 1176207911.0, "lru_rotate_ns": 517921769100.0, "demote_ns": 46217006164.0, "hint_fault_ns": 330586089602.0, "promote_ns": 1842325162.0, "sampling_ns": 0.0, "ptext_ns": 0.0, "ratio": 2.4781503107929934}, {"Unnamed: 0": 17, "runid": "2024-11-29T07:10:27.611637+08:00", "vmid": 3, "vmnum": 5, "kernel": "5.15.162-nomad+", "design": "Nomad", "balloon": "hagent", "pgmigrate_success": 566504947075, "folio_exchange_success": null, "folio_exchange_failed": null, "pebs_nr_sampled": 0, "pebs_nr_sampled_fmem": 0, "pebs_nr_sampled_smem": 0, "gups_throughput": null, "gups_elapsed": null, "exit_status": null, "percent_of_cpu": null, "user_time": null, "system_time": null, "gups": null, "xsbench": null, "graph500": null, "pagerank": 1335.26, "liblinear": null, "bwaves": null, "btree": null, "silo": null, "memtis_cpu_usage": null, "dram_ratio_first_gib": null, "dram_ratio_last_gib": null, "l3miss_event_period": null, "ldlat_event_period": null, "store_event_period": null, "util_overflow_handler": null, "overflow_handler_ns": null, "util_policy": null, "policy_ns": null, "util_migration": null, "migration_ns": null, "util_perf_prepare": null, "perf_prepare_ns": null, "util_split": null, "split_ns": null, "ptea_scan_ns": 313157077672.0, "ptea_scanned": 1529524307.0, "lru_rotate_ns": 653448111489.0, "demote_ns": 43536258803.0, "hint_fault_ns": 330334968762.0, "promote_ns": 1809054972.0, "sampling_ns": 0.0, "ptext_ns": 0.0, "ratio": 2.5150875871162177}, {"Unnamed: 0": 18, "runid": "2024-11-29T07:10:27.611637+08:00", "vmid": 4, "vmnum": 5, "kernel": "5.15.162-nomad+", "design": "Nomad", "balloon": "hagent", "pgmigrate_success": 4529353777625, "folio_exchange_success": null, "folio_exchange_failed": null, "pebs_nr_sampled": 0, "pebs_nr_sampled_fmem": 0, "pebs_nr_sampled_smem": 0, "gups_throughput": null, "gups_elapsed": null, "exit_status": null, "percent_of_cpu": null, "user_time": null, "system_time": null, "gups": null, "xsbench": null, "graph500": null, "pagerank": 1311.51, "liblinear": null, "bwaves": null, "btree": null, "silo": null, "memtis_cpu_usage": null, "dram_ratio_first_gib": null, "dram_ratio_last_gib": null, "l3miss_event_period": null, "ldlat_event_period": null, "store_event_period": null, "util_overflow_handler": null, "overflow_handler_ns": null, "util_policy": null, "policy_ns": null, "util_migration": null, "migration_ns": null, "util_perf_prepare": null, "perf_prepare_ns": null, "util_split": null, "split_ns": null, "ptea_scan_ns": 207385331729.0, "ptea_scanned": 1036914054.0, "lru_rotate_ns": 494191807359.0, "demote_ns": 45566379613.0, "hint_fault_ns": 330933624024.0, "promote_ns": 1877145873.0, "sampling_ns": 0.0, "ptext_ns": 0.0, "ratio": 2.4703522320587683}, {"Unnamed: 0": 19, "runid": "2024-11-29T07:34:05.487511+08:00", "vmid": 0, "vmnum": 5, "kernel": "5.15.162-tpp+", "design": "TPP", "balloon": "hagent", "pgmigrate_success": 2877230, "folio_exchange_success": null, "folio_exchange_failed": null, "pebs_nr_sampled": 0, "pebs_nr_sampled_fmem": 0, "pebs_nr_sampled_smem": 0, "gups_throughput": null, "gups_elapsed": null, "exit_status": null, "percent_of_cpu": null, "user_time": null, "system_time": null, "gups": null, "xsbench": null, "graph500": null, "pagerank": 729.22, "liblinear": null, "bwaves": null, "btree": null, "silo": null, "memtis_cpu_usage": null, "dram_ratio_first_gib": null, "dram_ratio_last_gib": null, "l3miss_event_period": null, "ldlat_event_period": null, "store_event_period": null, "util_overflow_handler": null, "overflow_handler_ns": null, "util_policy": null, "policy_ns": null, "util_migration": null, "migration_ns": null, "util_perf_prepare": null, "perf_prepare_ns": null, "util_split": null, "split_ns": null, "ptea_scan_ns": 7627736900.0, "ptea_scanned": 24833631.0, "lru_rotate_ns": 50863990584.0, "demote_ns": 34608505035.0, "hint_fault_ns": 32106543901.0, "promote_ns": 1537983231.0, "sampling_ns": 0.0, "ptext_ns": 0.0, "ratio": 1.373554341683933}, {"Unnamed: 0": 20, "runid": "2024-11-29T07:34:05.487511+08:00", "vmid": 1, "vmnum": 5, "kernel": "5.15.162-tpp+", "design": "TPP", "balloon": "hagent", "pgmigrate_success": 2919295, "folio_exchange_success": null, "folio_exchange_failed": null, "pebs_nr_sampled": 0, "pebs_nr_sampled_fmem": 0, "pebs_nr_sampled_smem": 0, "gups_throughput": null, "gups_elapsed": null, "exit_status": null, "percent_of_cpu": null, "user_time": null, "system_time": null, "gups": null, "xsbench": null, "graph500": null, "pagerank": 719.3, "liblinear": null, "bwaves": null, "btree": null, "silo": null, "memtis_cpu_usage": null, "dram_ratio_first_gib": null, "dram_ratio_last_gib": null, "l3miss_event_period": null, "ldlat_event_period": null, "store_event_period": null, "util_overflow_handler": null, "overflow_handler_ns": null, "util_policy": null, "policy_ns": null, "util_migration": null, "migration_ns": null, "util_perf_prepare": null, "perf_prepare_ns": null, "util_split": null, "split_ns": null, "ptea_scan_ns": 7540406645.0, "ptea_scanned": 24574265.0, "lru_rotate_ns": 51057079200.0, "demote_ns": 34779341733.0, "hint_fault_ns": 33362995406.0, "promote_ns": 1591590638.0, "sampling_ns": 0.0, "ptext_ns": 0.0, "ratio": 1.3548690902241476}, {"Unnamed: 0": 21, "runid": "2024-11-29T07:34:05.487511+08:00", "vmid": 2, "vmnum": 5, "kernel": "5.15.162-tpp+", "design": "TPP", "balloon": "hagent", "pgmigrate_success": 2915196, "folio_exchange_success": null, "folio_exchange_failed": null, "pebs_nr_sampled": 0, "pebs_nr_sampled_fmem": 0, "pebs_nr_sampled_smem": 0, "gups_throughput": null, "gups_elapsed": null, "exit_status": null, "percent_of_cpu": null, "user_time": null, "system_time": null, "gups": null, "xsbench": null, "graph500": null, "pagerank": 704.14, "liblinear": null, "bwaves": null, "btree": null, "silo": null, "memtis_cpu_usage": null, "dram_ratio_first_gib": null, "dram_ratio_last_gib": null, "l3miss_event_period": null, "ldlat_event_period": null, "store_event_period": null, "util_overflow_handler": null, "overflow_handler_ns": null, "util_policy": null, "policy_ns": null, "util_migration": null, "migration_ns": null, "util_perf_prepare": null, "perf_prepare_ns": null, "util_split": null, "split_ns": null, "ptea_scan_ns": 8413890604.0, "ptea_scanned": 27282424.0, "lru_rotate_ns": 52446582593.0, "demote_ns": 34658868293.0, "hint_fault_ns": 33019099681.0, "promote_ns": 1461742292.0, "sampling_ns": 0.0, "ptext_ns": 0.0, "ratio": 1.3263138067432663}, {"Unnamed: 0": 22, "runid": "2024-11-29T07:34:05.487511+08:00", "vmid": 3, "vmnum": 5, "kernel": "5.15.162-tpp+", "design": "TPP", "balloon": "hagent", "pgmigrate_success": 2900907, "folio_exchange_success": null, "folio_exchange_failed": null, "pebs_nr_sampled": 0, "pebs_nr_sampled_fmem": 0, "pebs_nr_sampled_smem": 0, "gups_throughput": null, "gups_elapsed": null, "exit_status": null, "percent_of_cpu": null, "user_time": null, "system_time": null, "gups": null, "xsbench": null, "graph500": null, "pagerank": 716.8, "liblinear": null, "bwaves": null, "btree": null, "silo": null, "memtis_cpu_usage": null, "dram_ratio_first_gib": null, "dram_ratio_last_gib": null, "l3miss_event_period": null, "ldlat_event_period": null, "store_event_period": null, "util_overflow_handler": null, "overflow_handler_ns": null, "util_policy": null, "policy_ns": null, "util_migration": null, "migration_ns": null, "util_perf_prepare": null, "perf_prepare_ns": null, "util_split": null, "split_ns": null, "ptea_scan_ns": 8216183598.0, "ptea_scanned": 26653777.0, "lru_rotate_ns": 51997444380.0, "demote_ns": 34423950705.0, "hint_fault_ns": 31493346555.0, "promote_ns": 1465096374.0, "sampling_ns": 0.0, "ptext_ns": 0.0, "ratio": 1.3501601054812582}, {"Unnamed: 0": 23, "runid": "2024-11-29T07:34:05.487511+08:00", "vmid": 4, "vmnum": 5, "kernel": "5.15.162-tpp+", "design": "TPP", "balloon": "hagent", "pgmigrate_success": 2932363, "folio_exchange_success": null, "folio_exchange_failed": null, "pebs_nr_sampled": 0, "pebs_nr_sampled_fmem": 0, "pebs_nr_sampled_smem": 0, "gups_throughput": null, "gups_elapsed": null, "exit_status": null, "percent_of_cpu": null, "user_time": null, "system_time": null, "gups": null, "xsbench": null, "graph500": null, "pagerank": 701.56, "liblinear": null, "bwaves": null, "btree": null, "silo": null, "memtis_cpu_usage": null, "dram_ratio_first_gib": null, "dram_ratio_last_gib": null, "l3miss_event_period": null, "ldlat_event_period": null, "store_event_period": null, "util_overflow_handler": null, "overflow_handler_ns": null, "util_policy": null, "policy_ns": null, "util_migration": null, "migration_ns": null, "util_perf_prepare": null, "perf_prepare_ns": null, "util_split": null, "split_ns": null, "ptea_scan_ns": 7569501839.0, "ptea_scanned": 24584985.0, "lru_rotate_ns": 50934175707.0, "demote_ns": 34801270989.0, "hint_fault_ns": 32937613913.0, "promote_ns": 1536743585.0, "sampling_ns": 0.0, "ptext_ns": 0.0, "ratio": 1.3214541344886042}]}}