{"config": {"padding": 2, "font": "Libertinus Serif", "view": {"continuousWidth": 240.0, "continuousHeight": 216, "stroke": "black", "strokeWidth": 1}, "mark": {"bar": {}}, "legend": {"gradientStrokeColor": "black", "gradientStrokeWidth": 1, "symbolStrokeColor": "black", "symbolStrokeWidth": 1, "offset": 5, "padding": 0, "columnPadding": 0, "rowPadding": 0, "labelLimit": 45, "titleLimit": 50}, "axis": {"labelFontSize": 10, "titleFontSize": 10, "grid": false, "domainColor": "black", "domainWidth": 1, "tickColor": "black", "tickWidth": 1, "tickSize": 3}, "axisX": {"labelAngle": 0}, "axisY": {"titlePadding": -15}}, "layer": [{"mark": {"type": "bar", "stroke": "black", "strokeWidth": 1}, "encoding": {"color": {"field": "design", "legend": {"orient": "top", "titleOrient": "left", "titleAnchor": "start", "direction": "horizontal", "title": ""}, "type": "nominal"}, "text": {"aggregate": "mean", "field": "ratio", "format": ".02f", "type": "quantitative"}, "x": {"field": "vmnum", "title": "Total Number of Virtual Machines", "type": "nominal"}, "xOffset": {"field": "design", "type": "nominal"}, "y": {"aggregate": "mean", "field": "liblinear", "scale": {"domainMin": 0}, "title": "liblinear", "type": "quantitative"}}}, {"mark": {"type": "errorbar", "extent": "stderr"}, "encoding": {"color": {"field": "design", "legend": {"orient": "top", "titleOrient": "left", "titleAnchor": "start", "direction": "horizontal", "title": ""}, "type": "nominal"}, "text": {"aggregate": "mean", "field": "ratio", "format": ".02f", "type": "quantitative"}, "x": {"field": "vmnum", "title": "Total Number of Virtual Machines", "type": "nominal"}, "xOffset": {"field": "design", "type": "nominal"}, "y": {"field": "liblinear", "scale": {"zero": false}, "type": "quantitative"}}}, {"mark": {"type": "text", "baseline": "bottom"}, "encoding": {"color": {"field": "design", "legend": {"orient": "top", "titleOrient": "left", "titleAnchor": "start", "direction": "horizontal", "title": ""}, "type": "nominal"}, "text": {"aggregate": "mean", "field": "ratio", "format": ".02f", "type": "quantitative"}, "x": {"field": "vmnum", "title": "Total Number of Virtual Machines", "type": "nominal"}, "xOffset": {"field": "design", "type": "nominal"}, "y": {"aggregate": "mean", "field": "liblinear", "scale": {"domainMin": 0}, "title": "liblinear", "type": "quantitative"}}}], "data": {"name": "data-dfa2ea5f358d0ed2919da6e093750008"}, "height": 108.0, "$schema": "https://vega.github.io/schema/vega-lite/v5.20.1.json", "datasets": {"data-dfa2ea5f358d0ed2919da6e093750008": [{"Unnamed: 0": 0, "runid": "2024-11-29T20:18:15.263037+08:00", "vmid": 0, "vmnum": 1, "kernel": "6.10.0-guest+", "design": "HPlacement", "balloon": "hagent", "pgmigrate_success": 0, "folio_exchange_success": 843371.0, "folio_exchange_failed": 29176.0, "pebs_nr_sampled": 1364829, "pebs_nr_sampled_fmem": 0, "pebs_nr_sampled_smem": 0, "gups_throughput": null, "gups_elapsed": null, "exit_status": null, "percent_of_cpu": null, "user_time": null, "system_time": null, "gups": null, "xsbench": null, "graph500": null, "pagerank": null, "liblinear": 520.5, "bwaves": null, "btree": null, "silo": null, "memtis_cpu_usage": null, "dram_ratio_first_gib": null, "dram_ratio_last_gib": null, "l3miss_event_period": null, "ldlat_event_period": 4093.0, "store_event_period": 65535.0, "util_overflow_handler": 28.0, "overflow_handler_ns": 1499234556.0, "util_policy": 678.0, "policy_ns": 35120485393.0, "util_migration": 282.0, "migration_ns": 14604077276.0, "util_perf_prepare": 20.0, "perf_prepare_ns": 1065166415.0, "util_split": 675.0, "split_ns": 34970576658.0, "ptea_scan_ns": null, "ptea_scanned": null, "lru_rotate_ns": null, "demote_ns": null, "hint_fault_ns": null, "promote_ns": null, "sampling_ns": null, "ptext_ns": null, "ratio": 1.0}, {"Unnamed: 0": 1, "runid": "2024-11-29T20:27:53.804721+08:00", "vmid": 0, "vmnum": 1, "kernel": "5.15.162-memtis+", "design": "Memtis", "balloon": "hagent", "pgmigrate_success": 129422, "folio_exchange_success": null, "folio_exchange_failed": null, "pebs_nr_sampled": 49655621, "pebs_nr_sampled_fmem": 12479824, "pebs_nr_sampled_smem": 37172709, "gups_throughput": null, "gups_elapsed": null, "exit_status": null, "percent_of_cpu": null, "user_time": null, "system_time": null, "gups": null, "xsbench": null, "graph500": null, "pagerank": null, "liblinear": 774.39, "bwaves": null, "btree": null, "silo": null, "memtis_cpu_usage": 162.0, "dram_ratio_first_gib": null, "dram_ratio_last_gib": null, "l3miss_event_period": null, "ldlat_event_period": null, "store_event_period": null, "util_overflow_handler": null, "overflow_handler_ns": null, "util_policy": null, "policy_ns": null, "util_migration": null, "migration_ns": null, "util_perf_prepare": null, "perf_prepare_ns": null, "util_split": null, "split_ns": null, "ptea_scan_ns": 0.0, "ptea_scanned": 0.0, "lru_rotate_ns": 141643269558.0, "demote_ns": 0.0, "hint_fault_ns": 0.0, "promote_ns": 494839850.0, "sampling_ns": 124993710119.0, "ptext_ns": 94249889896.0, "ratio": 1.4877809798270893}, {"Unnamed: 0": 2, "runid": "2024-11-29T20:41:47.226513+08:00", "vmid": 0, "vmnum": 1, "kernel": "5.15.162-nomad+", "design": "Nomad", "balloon": "hagent", "pgmigrate_success": 228664675529, "folio_exchange_success": null, "folio_exchange_failed": null, "pebs_nr_sampled": 0, "pebs_nr_sampled_fmem": 0, "pebs_nr_sampled_smem": 0, "gups_throughput": null, "gups_elapsed": null, "exit_status": null, "percent_of_cpu": null, "user_time": null, "system_time": null, "gups": null, "xsbench": null, "graph500": null, "pagerank": null, "liblinear": 1349.59, "bwaves": null, "btree": null, "silo": null, "memtis_cpu_usage": null, "dram_ratio_first_gib": null, "dram_ratio_last_gib": null, "l3miss_event_period": null, "ldlat_event_period": null, "store_event_period": null, "util_overflow_handler": null, "overflow_handler_ns": null, "util_policy": null, "policy_ns": null, "util_migration": null, "migration_ns": null, "util_perf_prepare": null, "perf_prepare_ns": null, "util_split": null, "split_ns": null, "ptea_scan_ns": 13538347299.0, "ptea_scanned": 6814962.0, "lru_rotate_ns": 663065367302.0, "demote_ns": 309083785818.0, "hint_fault_ns": 398402845551.0, "promote_ns": 3456417997.0, "sampling_ns": 0.0, "ptext_ns": 0.0, "ratio": 2.5928722382324687}, {"Unnamed: 0": 3, "runid": "2024-11-29T21:05:14.487360+08:00", "vmid": 0, "vmnum": 1, "kernel": "5.15.162-tpp+", "design": "TPP", "balloon": "hagent", "pgmigrate_success": 2777414, "folio_exchange_success": null, "folio_exchange_failed": null, "pebs_nr_sampled": 0, "pebs_nr_sampled_fmem": 0, "pebs_nr_sampled_smem": 0, "gups_throughput": null, "gups_elapsed": null, "exit_status": null, "percent_of_cpu": null, "user_time": null, "system_time": null, "gups": null, "xsbench": null, "graph500": null, "pagerank": null, "liblinear": 840.58, "bwaves": null, "btree": null, "silo": null, "memtis_cpu_usage": null, "dram_ratio_first_gib": null, "dram_ratio_last_gib": null, "l3miss_event_period": null, "ldlat_event_period": null, "store_event_period": null, "util_overflow_handler": null, "overflow_handler_ns": null, "util_policy": null, "policy_ns": null, "util_migration": null, "migration_ns": null, "util_perf_prepare": null, "perf_prepare_ns": null, "util_split": null, "split_ns": null, "ptea_scan_ns": 2231580598.0, "ptea_scanned": 6282676.0, "lru_rotate_ns": 39933235379.0, "demote_ns": 29297854665.0, "hint_fault_ns": 40130396849.0, "promote_ns": 1358995864.0, "sampling_ns": 0.0, "ptext_ns": 0.0, "ratio": 1.6149471661863593}]}}